x_cm,y_cm,reachable,state_class,left_solution_count,right_solution_count,combo_count,sample_branch,left_theta1_deg,left_theta2_deg,right_theta1_deg,right_theta2_deg
0.0,0.0,0,0,2,0,0,none,,,,
1.0,0.0,0,0,2,0,0,none,,,,
2.0,0.0,0,0,2,0,0,none,,,,
3.0,0.0,0,0,2,0,0,none,,,,
4.0,0.0,0,0,2,0,0,none,,,,
5.0,0.0,0,0,2,0,0,none,,,,
6.0,0.0,0,0,2,0,0,none,,,,
7.0,0.0,0,0,2,0,0,none,,,,
8.0,0.0,0,0,2,0,0,none,,,,
9.0,0.0,0,0,2,0,0,none,,,,
10.0,0.0,0,0,2,0,0,none,,,,
11.0,0.0,1,3,2,2,4,L_up-R_up,-127.48,94.812,-148.888,23.636
12.0,0.0,1,3,2,2,4,L_up-R_up,-124.215,93.791,-153.025,34.636
13.0,0.0,1,3,2,2,4,L_up-R_up,-120.881,92.515,-155.668,42.787
14.0,0.0,1,3,2,2,4,L_up-R_up,-117.489,90.987,-157.519,49.5
15.0,0.0,1,3,2,2,4,L_up-R_up,-114.046,89.204,-158.83,55.289
16.0,0.0,1,3,2,2,4,L_up-R_up,-110.557,87.166,-159.724,60.403
17.0,0.0,1,3,2,2,4,L_up-R_up,-107.026,84.868,-160.271,64.99
18.0,0.0,1,3,2,2,4,L_up-R_up,-103.453,82.306,-160.511,69.138
19.0,0.0,1,3,2,2,4,L_up-R_up,-99.835,79.468,-160.474,72.909
20.0,0.0,1,3,2,2,4,L_up-R_up,-96.166,76.343,-160.177,76.343
21.0,0.0,1,3,2,2,4,L_up-R_up,-92.435,72.909,-159.633,79.468
22.0,0.0,1,3,2,2,4,L_up-R_up,-88.627,69.138,-158.852,82.306
23.0,0.0,1,3,2,2,4,L_up-R_up,-84.719,64.99,-157.842,84.868
24.0,0.0,1,3,2,2,4,L_up-R_up,-80.679,60.403,-156.608,87.166
25.0,0.0,1,3,2,2,4,L_up-R_up,-76.458,55.289,-155.158,89.204
26.0,0.0,1,3,2,2,4,L_up-R_up,-71.981,49.5,-153.498,90.987
27.0,0.0,1,3,2,2,4,L_up-R_up,-67.119,42.787,-151.634,92.515
28.0,0.0,1,3,2,2,4,L_up-R_up,-61.611,34.636,-149.576,93.791
29.0,0.0,1,3,2,2,4,L_up-R_up,-54.748,23.636,-147.332,94.812
30.0,0.0,0,0,0,2,0,none,,,,
31.0,0.0,0,0,0,2,0,none,,,,
32.0,0.0,0,0,0,2,0,none,,,,
33.0,0.0,0,0,0,2,0,none,,,,
34.0,0.0,0,0,0,2,0,none,,,,
35.0,0.0,0,0,0,2,0,none,,,,
36.0,0.0,0,0,0,2,0,none,,,,
37.0,0.0,0,0,0,2,0,none,,,,
38.0,0.0,0,0,0,2,0,none,,,,
39.0,0.0,0,0,0,2,0,none,,,,
40.0,0.0,0,0,0,2,0,none,,,,
0.0,1.0,0,0,2,0,0,none,,,,
1.0,1.0,0,0,2,0,0,none,,,,
2.0,1.0,0,0,2,0,0,none,,,,
3.0,1.0,0,0,2,0,0,none,,,,
4.0,1.0,0,0,2,0,0,none,,,,
5.0,1.0,0,0,2,0,0,none,,,,
6.0,1.0,0,0,2,0,0,none,,,,
7.0,1.0,0,0,2,0,0,none,,,,
8.0,1.0,0,0,2,0,0,none,,,,
9.0,1.0,0,0,2,0,0,none,,,,
10.0,1.0,1,3,2,2,4,L_up-R_up,-132.802,100.596,-150.818,21.994
11.0,1.0,1,3,2,2,4,L_up-R_up,-129.473,99.82,-155.511,33.958
12.0,1.0,1,3,2,2,4,L_up-R_up,-126.069,98.788,-158.474,42.599
13.0,1.0,1,3,2,2,4,L_up-R_up,-122.607,97.502,-160.578,49.668
14.0,1.0,1,3,2,2,4,L_up-R_up,-119.095,95.963,-162.112,55.752
15.0,1.0,1,3,2,2,4,L_up-R_up,-115.546,94.174,-163.213,61.133
16.0,1.0,1,3,2,2,4,L_up-R_up,-111.964,92.133,-163.957,65.97
17.0,1.0,1,3,2,2,4,L_up-R_up,-108.355,89.841,-164.387,70.36
18.0,1.0,1,3,2,2,4,L_up-R_up,-104.72,87.293,-164.534,74.369
19.0,1.0,1,3,2,2,4,L_up-R_up,-101.057,84.485,-164.415,78.04
20.0,1.0,1,3,2,2,4,L_up-R_up,-97.362,81.405,-164.043,81.405
21.0,1.0,1,3,2,2,4,L_up-R_up,-93.625,78.04,-163.427,84.485
22.0,1.0,1,3,2,2,4,L_up-R_up,-89.835,74.369,-162.573,87.293
23.0,1.0,1,3,2,2,4,L_up-R_up,-85.973,70.36,-161.485,89.841
24.0,1.0,1,3,2,2,4,L_up-R_up,-82.013,65.97,-160.169,92.133
25.0,1.0,1,3,2,2,4,L_up-R_up,-77.92,61.133,-158.628,94.174
26.0,1.0,1,3,2,2,4,L_up-R_up,-73.64,55.752,-156.868,95.963
27.0,1.0,1,3,2,2,4,L_up-R_up,-69.09,49.668,-154.895,97.502
28.0,1.0,1,3,2,2,4,L_up-R_up,-64.125,42.599,-152.718,98.788
29.0,1.0,1,3,2,2,4,L_up-R_up,-58.447,33.958,-150.348,99.82
30.0,1.0,1,3,2,2,4,L_up-R_up,-51.176,21.994,-147.794,100.596
31.0,1.0,0,0,0,2,0,none,,,,
32.0,1.0,0,0,0,2,0,none,,,,
33.0,1.0,0,0,0,2,0,none,,,,
34.0,1.0,0,0,0,2,0,none,,,,
35.0,1.0,0,0,0,2,0,none,,,,
36.0,1.0,0,0,0,2,0,none,,,,
37.0,1.0,0,0,0,2,0,none,,,,
38.0,1.0,0,0,0,2,0,none,,,,
39.0,1.0,0,0,0,2,0,none,,,,
40.0,1.0,0,0,0,2,0,none,,,,
0.0,2.0,0,0,2,0,0,none,,,,
1.0,2.0,0,0,2,0,0,none,,,,
2.0,2.0,0,0,2,0,0,none,,,,
3.0,2.0,0,0,2,0,0,none,,,,
4.0,2.0,0,0,2,0,0,none,,,,
5.0,2.0,0,0,2,0,0,none,,,,
6.0,2.0,0,0,2,0,0,none,,,,
7.0,2.0,0,0,2,0,0,none,,,,
8.0,2.0,0,0,2,0,0,none,,,,
9.0,2.0,1,3,2,2,4,L_up-R_up,-138.217,105.962,-151.898,18.698
10.0,2.0,1,3,2,2,4,L_up-R_up,-134.809,105.433,-157.504,32.328
11.0,2.0,1,3,2,2,4,L_up-R_up,-131.317,104.642,-160.888,41.65
12.0,2.0,1,3,2,2,4,L_up-R_up,-127.76,103.592,-163.298,49.165
13.0,2.0,1,3,2,2,4,L_up-R_up,-124.152,102.285,-165.089,55.598
14.0,2.0,1,3,2,2,4,L_up-R_up,-120.508,100.726,-166.424,61.278
15.0,2.0,1,3,2,2,4,L_up-R_up,-116.839,98.917,-167.387,66.387
16.0,2.0,1,3,2,2,4,L_up-R_up,-113.152,96.86,-168.028,71.034
17.0,2.0,1,3,2,2,4,L_up-R_up,-109.454,94.557,-168.378,75.292
18.0,2.0,1,3,2,2,4,L_up-R_up,-105.746,92.006,-168.458,79.209
19.0,2.0,1,3,2,2,4,L_up-R_up,-102.028,89.204,-168.28,82.819
20.0,2.0,1,3,2,2,4,L_up-R_up,-98.295,86.146,-167.851,86.146
21.0,2.0,1,3,2,2,4,L_up-R_up,-94.54,82.819,-167.176,89.204
22.0,2.0,1,3,2,2,4,L_up-R_up,-90.751,79.209,-166.259,92.006
23.0,2.0,1,3,2,2,4,L_up-R_up,-86.914,75.292,-165.102,94.557
24.0,2.0,1,3,2,2,4,L_up-R_up,-83.007,71.034,-163.708,96.86
25.0,2.0,1,3,2,2,4,L_up-R_up,-79.0,66.387,-162.078,98.917
26.0,2.0,1,3,2,2,4,L_up-R_up,-74.854,61.278,-160.218,100.726
27.0,2.0,1,3,2,2,4,L_up-R_up,-70.508,55.598,-158.133,102.285
28.0,2.0,1,3,2,2,4,L_up-R_up,-65.867,49.165,-155.832,103.592
29.0,2.0,1,3,2,2,4,L_up-R_up,-60.761,41.65,-153.325,104.642
30.0,2.0,1,3,2,2,4,L_up-R_up,-54.824,32.328,-150.624,105.433
31.0,2.0,1,3,2,2,4,L_up-R_up,-46.8,18.698,-147.745,105.962
32.0,2.0,0,0,0,2,0,none,,,,
33.0,2.0,0,0,0,2,0,none,,,,
34.0,2.0,0,0,0,2,0,none,,,,
35.0,2.0,0,0,0,2,0,none,,,,
36.0,2.0,0,0,0,2,0,none,,,,
37.0,2.0,0,0,0,2,0,none,,,,
38.0,2.0,0,0,0,2,0,none,,,,
39.0,2.0,0,0,0,2,0,none,,,,
40.0,2.0,0,0,0,2,0,none,,,,
0.0,3.0,0,0,2,0,0,none,,,,
1.0,3.0,0,0,2,0,0,none,,,,
2.0,3.0,0,0,2,0,0,none,,,,
3.0,3.0,0,0,2,0,0,none,,,,
4.0,3.0,0,0,2,0,0,none,,,,
5.0,3.0,0,0,2,0,0,none,,,,
6.0,3.0,0,0,2,0,0,none,,,,
7.0,3.0,0,0,2,0,0,none,,,,
8.0,3.0,1,3,2,2,4,L_up-R_up,-143.78,110.93,-151.519,12.549
9.0,3.0,1,3,2,2,4,L_up-R_up,-140.286,110.657,-158.921,29.606
10.0,3.0,1,3,2,2,4,L_up-R_up,-136.691,110.114,-162.874,39.895
11.0,3.0,1,3,2,2,4,L_up-R_up,-133.018,109.302,-165.655,47.976
12.0,3.0,1,3,2,2,4,L_up-R_up,-129.287,108.227,-167.743,54.823
13.0,3.0,1,3,2,2,4,L_up-R_up,-125.518,106.891,-169.339,60.842
14.0,3.0,1,3,2,2,4,L_up-R_up,-121.726,105.301,-170.544,66.248
15.0,3.0,1,3,2,2,4,L_up-R_up,-117.924,103.461,-171.415,71.169
16.0,3.0,1,3,2,2,4,L_up-R_up,-114.122,101.375,-171.988,75.687
17.0,3.0,1,3,2,2,4,L_up-R_up,-110.325,99.046,-172.286,79.857
18.0,3.0,1,3,2,2,4,L_up-R_up,-106.536,96.475,-172.321,83.717
19.0,3.0,1,3,2,2,4,L_up-R_up,-102.754,93.663,-172.1,87.293
20.0,3.0,1,3,2,2,4,L_up-R_up,-98.976,90.605,-171.629,90.605
21.0,3.0,1,3,2,2,4,L_up-R_up,-95.193,87.293,-170.909,93.663
22.0,3.0,1,3,2,2,4,L_up-R_up,-91.396,83.717,-169.939,96.475
23.0,3.0,1,3,2,2,4,L_up-R_up,-87.571,79.857,-168.72,99.046
24.0,3.0,1,3,2,2,4,L_up-R_up,-83.698,75.687,-167.252,101.375
25.0,3.0,1,3,2,2,4,L_up-R_up,-79.754,71.169,-165.536,103.461
26.0,3.0,1,3,2,2,4,L_up-R_up,-75.705,66.248,-163.575,105.301
27.0,3.0,1,3,2,2,4,L_up-R_up,-71.503,60.842,-161.374,106.891
28.0,3.0,1,3,2,2,4,L_up-R_up,-67.079,54.823,-158.94,108.227
29.0,3.0,1,3,2,2,4,L_up-R_up,-62.321,47.976,-156.285,109.302
30.0,3.0,1,3,2,2,4,L_up-R_up,-57.021,39.895,-153.423,110.114
31.0,3.0,1,3,2,2,4,L_up-R_up,-50.685,29.606,-150.371,110.657
32.0,3.0,1,3,2,2,4,L_up-R_up,-41.03,12.549,-147.15,110.93
33.0,3.0,0,0,0,2,0,none,,,,
34.0,3.0,0,0,0,2,0,none,,,,
35.0,3.0,0,0,0,2,0,none,,,,
36.0,3.0,0,0,0,2,0,none,,,,
37.0,3.0,0,0,0,2,0,none,,,,
38.0,3.0,0,0,0,2,0,none,,,,
39.0,3.0,0,0,0,2,0,none,,,,
40.0,3.0,0,0,0,2,0,none,,,,
0.0,4.0,0,0,2,0,0,none,,,,
1.0,4.0,0,0,2,0,0,none,,,,
2.0,4.0,0,0,2,0,0,none,,,,
3.0,4.0,0,0,2,0,0,none,,,,
4.0,4.0,0,0,2,0,0,none,,,,
5.0,4.0,0,0,2,0,0,none,,,,
6.0,4.0,0,0,2,0,0,none,,,,
7.0,4.0,0,0,2,0,0,none,,,,
8.0,4.0,1,3,2,2,4,L_up-R_up,-145.962,115.503,-159.59,25.474
9.0,4.0,1,3,2,2,4,L_up-R_up,-142.255,115.221,-164.371,37.24
10.0,4.0,1,3,2,2,4,L_up-R_up,-138.449,114.659,-167.614,46.061
11.0,4.0,1,3,2,2,4,L_up-R_up,-134.572,113.822,-170.048,53.408
12.0,4.0,1,3,2,2,4,L_up-R_up,-130.648,112.713,-171.936,59.816
13.0,4.0,1,3,2,2,4,L_up-R_up,-126.699,111.339,-173.406,65.551
14.0,4.0,1,3,2,2,4,L_up-R_up,-122.744,109.708,-174.527,70.765
15.0,4.0,1,3,2,2,4,L_up-R_up,-118.798,107.825,-175.341,75.555
16.0,4.0,1,3,2,2,4,L_up-R_up,-114.869,105.697,-175.874,79.986
17.0,4.0,1,3,2,2,4,L_up-R_up,-110.965,103.33,-176.141,84.101
18.0,4.0,1,3,2,2,4,L_up-R_up,-107.088,100.726,-176.15,87.931
19.0,4.0,1,3,2,2,4,L_up-R_up,-103.237,97.887,-175.904,91.496
20.0,4.0,1,3,2,2,4,L_up-R_up,-99.407,94.812,-175.405,94.812
21.0,4.0,1,3,2,2,4,L_up-R_up,-95.592,91.496,-174.65,97.887
22.0,4.0,1,3,2,2,4,L_up-R_up,-91.781,87.931,-173.638,100.726
23.0,4.0,1,3,2,2,4,L_up-R_up,-87.96,84.101,-172.365,103.33
24.0,4.0,1,3,2,2,4,L_up-R_up,-84.112,79.986,-170.828,105.697
25.0,4.0,1,3,2,2,4,L_up-R_up,-80.214,75.555,-169.027,107.825
26.0,4.0,1,3,2,2,4,L_up-R_up,-76.238,70.765,-166.963,109.708
27.0,4.0,1,3,2,2,4,L_up-R_up,-72.145,65.551,-164.64,111.339
28.0,4.0,1,3,2,2,4,L_up-R_up,-67.88,59.816,-162.065,112.713
29.0,4.0,1,3,2,2,4,L_up-R_up,-63.36,53.408,-159.25,113.822
30.0,4.0,1,3,2,2,4,L_up-R_up,-58.448,46.061,-156.21,114.659
31.0,4.0,1,3,2,2,4,L_up-R_up,-52.869,37.24,-152.966,115.221
32.0,4.0,1,3,2,2,4,L_up-R_up,-45.884,25.474,-149.541,115.503
33.0,4.0,0,0,0,2,0,none,,,,
34.0,4.0,0,0,0,2,0,none,,,,
35.0,4.0,0,0,0,2,0,none,,,,
36.0,4.0,0,0,0,2,0,none,,,,
37.0,4.0,0,0,0,2,0,none,,,,
38.0,4.0,0,0,0,2,0,none,,,,
39.0,4.0,0,0,0,2,0,none,,,,
40.0,4.0,0,0,0,2,0,none,,,,
0.0,5.0,0,0,2,0,0,none,,,,
1.0,5.0,0,0,2,0,0,none,,,,
2.0,5.0,0,0,2,0,0,none,,,,
3.0,5.0,0,0,2,0,0,none,,,,
4.0,5.0,0,0,2,0,0,none,,,,
5.0,5.0,0,0,2,0,0,none,,,,
6.0,5.0,0,0,2,0,0,none,,,,
7.0,5.0,1,3,2,2,4,L_up-R_up,-151.891,119.963,-159.08,19.091
8.0,5.0,1,3,2,2,4,L_up-R_up,-148.072,119.963,-165.273,33.5
9.0,5.0,1,3,2,2,4,L_up-R_up,-144.124,119.67,-169.123,43.346
10.0,5.0,1,3,2,2,4,L_up-R_up,-140.08,119.085,-171.969,51.318
11.0,5.0,1,3,2,2,4,L_up-R_up,-135.973,118.215,-174.189,58.182
12.0,5.0,1,3,2,2,4,L_up-R_up,-131.833,117.065,-175.949,64.285
13.0,5.0,1,3,2,2,4,L_up-R_up,-127.686,115.644,-177.341,69.818
14.0,5.0,1,3,2,2,4,L_up-R_up,-123.552,113.961,-178.413,74.897
15.0,5.0,1,3,2,2,4,L_up-R_up,-119.447,112.024,-179.198,79.598
16.0,5.0,1,3,2,2,4,L_up-R_up,-115.383,109.843,-179.713,83.973
17.0,5.0,1,3,2,2,4,L_up-R_up,-111.365,107.424,-179.968,88.058
18.0,5.0,1,3,2,2,4,L_up-R_up,-107.395,104.774,-179.968,91.878
19.0,5.0,1,3,2,2,4,L_up-R_up,-103.471,101.895,-179.713,95.451
20.0,5.0,1,3,2,2,4,L_up-R_up,-99.588,98.788,-179.2,98.788
21.0,5.0,1,3,2,2,4,L_up-R_up,-95.738,95.451,-178.423,101.895
22.0,5.0,1,3,2,2,4,L_up-R_up,-91.91,91.878,-177.379,104.774
23.0,5.0,1,3,2,2,4,L_up-R_up,-88.09,88.058,-176.06,107.424
24.0,5.0,1,3,2,2,4,L_up-R_up,-84.26,83.973,-174.46,109.843
25.0,5.0,1,3,2,2,4,L_up-R_up,-80.4,79.598,-172.577,112.024
26.0,5.0,1,3,2,2,4,L_up-R_up,-76.484,74.897,-170.409,113.961
27.0,5.0,1,3,2,2,4,L_up-R_up,-72.478,69.818,-167.958,115.644
28.0,5.0,1,3,2,2,4,L_up-R_up,-68.336,64.285,-165.232,117.065
29.0,5.0,1,3,2,2,4,L_up-R_up,-63.994,58.182,-162.241,118.215
30.0,5.0,1,3,2,2,4,L_up-R_up,-59.349,51.318,-159.005,119.085
31.0,5.0,1,3,2,2,4,L_up-R_up,-54.223,43.346,-155.545,119.67
32.0,5.0,1,3,2,2,4,L_up-R_up,-48.227,33.5,-151.891,119.963
33.0,5.0,1,3,2,2,4,L_up-R_up,-40.011,19.091,-148.072,119.963
34.0,5.0,0,0,0,2,0,none,,,,
35.0,5.0,0,0,0,2,0,none,,,,
36.0,5.0,0,0,0,2,0,none,,,,
37.0,5.0,0,0,0,2,0,none,,,,
38.0,5.0,0,0,0,2,0,none,,,,
39.0,5.0,0,0,0,2,0,none,,,,
40.0,5.0,0,0,0,2,0,none,,,,
0.0,6.0,0,0,2,0,0,none,,,,
1.0,6.0,0,0,2,0,0,none,,,,
2.0,6.0,0,0,2,0,0,none,,,,
3.0,6.0,0,0,2,0,0,none,,,,
4.0,6.0,0,0,2,0,0,none,,,,
5.0,6.0,0,0,2,0,0,none,,,,
6.0,6.0,1,3,2,2,4,L_up-R_up,-158.124,124.017,-154.68,5.055
7.0,6.0,1,3,2,2,4,L_up-R_up,-154.208,124.325,-165.378,28.291
8.0,6.0,1,3,2,2,4,L_up-R_up,-150.117,124.325,-170.103,39.696
9.0,6.0,1,3,2,2,4,L_up-R_up,-145.893,124.017,-173.46,48.488
10.0,6.0,1,3,2,2,4,L_up-R_up,-141.578,123.405,-176.062,55.906
11.0,6.0,1,3,2,2,4,L_up-R_up,-137.211,122.495,-178.146,62.434
12.0,6.0,1,3,2,2,4,L_up-R_up,-132.829,121.295,-179.829,68.319
13.0,6.0,1,3,2,2,4,L_up-R_up,-128.46,119.816,-181.177,73.707
14.0,6.0,1,3,2,2,4,L_up-R_up,-124.13,118.07,-182.228,78.69
15.0,6.0,1,3,2,2,4,L_up-R_up,-119.856,116.068,-183.006,83.332
16.0,6.0,1,3,2,2,4,L_up-R_up,-115.647,113.822,-183.524,87.676
17.0,6.0,1,3,2,2,4,L_up-R_up,-111.51,111.339,-183.786,91.751
18.0,6.0,1,3,2,2,4,L_up-R_up,-107.445,108.629,-183.795,95.579
19.0,6.0,1,3,2,2,4,L_up-R_up,-103.448,105.697,-183.546,99.175
20.0,6.0,1,3,2,2,4,L_up-R_up,-99.513,102.546,-183.033,102.546
21.0,6.0,1,3,2,2,4,L_up-R_up,-95.629,99.175,-182.249,105.697
22.0,6.0,1,3,2,2,4,L_up-R_up,-91.785,95.579,-181.185,108.629
23.0,6.0,1,3,2,2,4,L_up-R_up,-87.965,91.751,-179.829,111.339
24.0,6.0,1,3,2,2,4,L_up-R_up,-84.152,87.676,-178.174,113.822
25.0,6.0,1,3,2,2,4,L_up-R_up,-80.326,83.332,-176.213,116.068
26.0,6.0,1,3,2,2,4,L_up-R_up,-76.462,78.69,-173.94,118.07
27.0,6.0,1,3,2,2,4,L_up-R_up,-72.53,73.707,-171.356,119.816
28.0,6.0,1,3,2,2,4,L_up-R_up,-68.49,68.319,-168.466,121.295
29.0,6.0,1,3,2,2,4,L_up-R_up,-64.287,62.434,-165.284,122.495
30.0,6.0,1,3,2,2,4,L_up-R_up,-59.844,55.906,-161.827,123.405
31.0,6.0,1,3,2,2,4,L_up-R_up,-55.028,48.488,-158.124,124.017
32.0,6.0,1,3,2,2,4,L_up-R_up,-49.593,39.696,-154.208,124.325
33.0,6.0,1,3,2,2,4,L_up-R_up,-42.913,28.291,-150.117,124.325
34.0,6.0,1,3,2,2,4,L_up-R_up,-30.375,5.055,-145.893,124.017
35.0,6.0,0,0,0,2,0,none,,,,
36.0,6.0,0,0,0,2,0,none,,,,
37.0,6.0,0,0,0,2,0,none,,,,
38.0,6.0,0,0,0,2,0,none,,,,
39.0,6.0,0,0,0,2,0,none,,,,
40.0,6.0,0,0,0,2,0,none,,,,
0.0,7.0,0,0,2,0,0,none,,,,
1.0,7.0,0,0,2,0,0,none,,,,
2.0,7.0,0,0,2,0,0,none,,,,
3.0,7.0,0,0,2,0,0,none,,,,
4.0,7.0,0,0,2,0,0,none,,,,
5.0,7.0,0,0,2,0,0,none,,,,
6.0,7.0,1,3,2,2,4,L_up-R_up,-160.72,128.276,-164.165,20.592
7.0,7.0,1,3,2,2,4,L_up-R_up,-156.503,128.601,-170.417,34.86
8.0,7.0,1,3,2,2,4,L_up-R_up,-152.098,128.601,-174.454,44.81
9.0,7.0,1,3,2,2,4,L_up-R_up,-147.556,128.276,-177.514,52.931
10.0,7.0,1,3,2,2,4,L_up-R_up,-142.929,127.63,-179.963,59.963
11.0,7.0,1,3,2,2,4,L_up-R_up,-138.267,126.671,-181.965,66.248
12.0,7.0,1,3,2,2,4,L_up-R_up,-133.612,125.411,-183.606,71.974
13.0,7.0,1,3,2,2,4,L_up-R_up,-129.0,123.864,-184.939,77.258
14.0,7.0,1,3,2,2,4,L_up-R_up,-124.456,122.043,-185.993,82.177
15.0,7.0,1,3,2,2,4,L_up-R_up,-120.0,119.963,-186.785,86.783
16.0,7.0,1,3,2,2,4,L_up-R_up,-115.641,117.638,-187.323,91.114
17.0,7.0,1,3,2,2,4,L_up-R_up,-111.382,115.08,-187.611,95.196
18.0,7.0,1,3,2,2,4,L_up-R_up,-107.222,112.299,-187.645,99.046
19.0,7.0,1,3,2,2,4,L_up-R_up,-103.155,109.302,-187.419,102.676
20.0,7.0,1,3,2,2,4,L_up-R_up,-99.171,106.094,-186.924,106.094
21.0,7.0,1,3,2,2,4,L_up-R_up,-95.257,102.676,-186.148,109.302
22.0,7.0,1,3,2,2,4,L_up-R_up,-91.401,99.046,-185.077,112.299
23.0,7.0,1,3,2,2,4,L_up-R_up,-87.585,95.196,-183.698,115.08
24.0,7.0,1,3,2,2,4,L_up-R_up,-83.791,91.114,-181.998,117.638
25.0,7.0,1,3,2,2,4,L_up-R_up,-79.999,86.783,-179.963,119.963
26.0,7.0,1,3,2,2,4,L_up-R_up,-76.184,82.177,-177.587,122.043
27.0,7.0,1,3,2,2,4,L_up-R_up,-72.319,77.258,-174.864,123.864
28.0,7.0,1,3,2,2,4,L_up-R_up,-68.368,71.974,-171.799,125.411
29.0,7.0,1,3,2,2,4,L_up-R_up,-64.283,66.248,-168.404,126.671
30.0,7.0,1,3,2,2,4,L_up-R_up,-60.0,59.963,-164.7,127.63
31.0,7.0,1,3,2,2,4,L_up-R_up,-55.416,52.931,-160.72,128.276
32.0,7.0,1,3,2,2,4,L_up-R_up,-50.356,44.81,-156.503,128.601
33.0,7.0,1,3,2,2,4,L_up-R_up,-44.442,34.86,-152.098,128.601
34.0,7.0,1,3,2,2,4,L_up-R_up,-36.427,20.592,-147.556,128.276
35.0,7.0,0,0,0,2,0,none,,,,
36.0,7.0,0,0,0,2,0,none,,,,
37.0,7.0,0,0,0,2,0,none,,,,
38.0,7.0,0,0,0,2,0,none,,,,
39.0,7.0,0,0,0,2,0,none,,,,
40.0,7.0,0,0,0,2,0,none,,,,
0.0,8.0,0,0,2,0,0,none,,,,
1.0,8.0,0,0,2,0,0,none,,,,
2.0,8.0,0,0,2,0,0,none,,,,
3.0,8.0,0,0,2,0,0,none,,,,
4.0,8.0,0,0,2,0,0,none,,,,
5.0,8.0,0,0,2,0,0,none,,,,
6.0,8.0,1,3,2,2,4,L_up-R_up,-163.352,132.454,-169.783,28.291
7.0,8.0,1,3,2,2,4,L_up-R_up,-158.786,132.8,-174.845,40.093
8.0,8.0,1,3,2,2,4,L_up-R_up,-154.014,132.8,-178.487,49.165
9.0,8.0,1,3,2,2,4,L_up-R_up,-149.102,132.454,-181.361,56.823
10.0,8.0,1,3,2,2,4,L_up-R_up,-144.116,131.768,-183.716,63.577
11.0,8.0,1,3,2,2,4,L_up-R_up,-139.115,130.751,-185.674,69.682
12.0,8.0,1,3,2,2,4,L_up-R_up,-134.154,129.42,-187.303,75.292
13.0,8.0,1,3,2,2,4,L_up-R_up,-129.272,127.791,-188.644,80.503
14.0,8.0,1,3,2,2,4,L_up-R_up,-124.498,125.882,-189.72,85.38
15.0,8.0,1,3,2,2,4,L_up-R_up,-119.85,123.711,-190.545,89.968
16.0,8.0,1,3,2,2,4,L_up-R_up,-115.336,121.295,-191.123,94.301
17.0,8.0,1,3,2,2,4,L_up-R_up,-110.957,118.649,-191.454,98.402
18.0,8.0,1,3,2,2,4,L_up-R_up,-106.707,115.785,-191.532,102.285
19.0,8.0,1,3,2,2,4,L_up-R_up,-102.575,112.713,-191.347,105.962
20.0,8.0,1,3,2,2,4,L_up-R_up,-98.55,109.437,-190.888,109.437
21.0,8.0,1,3,2,2,4,L_up-R_up,-94.615,105.962,-190.137,112.713
22.0,8.0,1,3,2,2,4,L_up-R_up,-90.753,102.285,-189.079,115.785
23.0,8.0,1,3,2,2,4,L_up-R_up,-86.948,98.402,-187.692,118.649
24.0,8.0,1,3,2,2,4,L_up-R_up,-83.178,94.301,-185.959,121.295
25.0,8.0,1,3,2,2,4,L_up-R_up,-79.423,89.968,-183.861,123.711
26.0,8.0,1,3,2,2,4,L_up-R_up,-75.659,85.38,-181.384,125.882
27.0,8.0,1,3,2,2,4,L_up-R_up,-71.859,80.503,-178.519,127.791
28.0,8.0,1,3,2,2,4,L_up-R_up,-67.989,75.292,-175.266,129.42
29.0,8.0,1,3,2,2,4,L_up-R_up,-64.009,69.682,-171.636,130.751
30.0,8.0,1,3,2,2,4,L_up-R_up,-59.861,63.577,-167.652,131.768
31.0,8.0,1,3,2,2,4,L_up-R_up,-55.462,56.823,-163.352,132.454
32.0,8.0,1,3,2,2,4,L_up-R_up,-50.678,49.165,-158.786,132.8
33.0,8.0,1,3,2,2,4,L_up-R_up,-45.248,40.093,-154.014,132.8
34.0,8.0,1,3,2,2,4,L_up-R_up,-38.508,28.291,-149.102,132.454
35.0,8.0,0,0,0,2,0,none,,,,
36.0,8.0,0,0,0,2,0,none,,,,
37.0,8.0,0,0,0,2,0,none,,,,
38.0,8.0,0,0,0,2,0,none,,,,
39.0,8.0,0,0,0,2,0,none,,,,
40.0,8.0,0,0,0,2,0,none,,,,
0.0,9.0,0,0,2,0,0,none,,,,
1.0,9.0,0,0,2,0,0,none,,,,
2.0,9.0,0,0,2,0,0,none,,,,
3.0,9.0,0,0,2,0,0,none,,,,
4.0,9.0,0,0,2,0,0,none,,,,
5.0,9.0,1,3,2,2,4,L_up-R_up,-170.717,135.826,-167.347,18.297
6.0,9.0,1,3,2,2,4,L_up-R_up,-166.046,136.561,-174.436,33.958
7.0,9.0,1,3,2,2,4,L_up-R_up,-161.069,136.933,-178.89,44.448
8.0,9.0,1,3,2,2,4,L_up-R_up,-155.864,136.933,-182.286,52.931
9.0,9.0,1,3,2,2,4,L_up-R_up,-150.516,136.561,-185.045,60.257
10.0,9.0,1,3,2,2,4,L_up-R_up,-145.109,135.826,-187.348,66.803
11.0,9.0,1,3,2,2,4,L_up-R_up,-139.72,134.74,-189.292,72.776
12.0,9.0,1,3,2,2,4,L_up-R_up,-134.413,133.323,-190.933,78.301
13.0,9.0,1,3,2,2,4,L_up-R_up,-129.234,131.597,-192.303,83.46
14.0,9.0,1,3,2,2,4,L_up-R_up,-124.213,129.585,-193.421,88.313
15.0,9.0,1,3,2,2,4,L_up-R_up,-119.368,127.309,-194.297,92.898
16.0,9.0,1,3,2,2,4,L_up-R_up,-114.7,124.789,-194.932,97.245
17.0,9.0,1,3,2,2,4,L_up-R_up,-110.206,122.043,-195.325,101.375
18.0,9.0,1,3,2,2,4,L_up-R_up,-105.875,119.085,-195.466,105.301
19.0,9.0,1,3,2,2,4,L_up-R_up,-101.69,115.927,-195.343,109.033
20.0,9.0,1,3,2,2,4,L_up-R_up,-97.635,112.575,-194.94,112.575
21.0,9.0,1,3,2,2,4,L_up-R_up,-93.69,109.033,-194.236,115.927
22.0,9.0,1,3,2,2,4,L_up-R_up,-89.835,105.301,-193.21,119.085
23.0,9.0,1,3,2,2,4,L_up-R_up,-86.05,101.375,-191.837,122.043
24.0,9.0,1,3,2,2,4,L_up-R_up,-82.313,97.245,-190.089,124.789
25.0,9.0,1,3,2,2,4,L_up-R_up,-78.601,92.898,-187.941,127.309
26.0,9.0,1,3,2,2,4,L_up-R_up,-74.892,88.313,-185.372,129.585
27.0,9.0,1,3,2,2,4,L_up-R_up,-71.158,83.46,-182.364,131.597
28.0,9.0,1,3,2,2,4,L_up-R_up,-67.368,78.301,-178.911,133.323
29.0,9.0,1,3,2,2,4,L_up-R_up,-63.483,72.776,-175.02,134.74
30.0,9.0,1,3,2,2,4,L_up-R_up,-59.455,66.803,-170.717,135.826
31.0,9.0,1,3,2,2,4,L_up-R_up,-55.212,60.257,-166.046,136.561
32.0,9.0,1,3,2,2,4,L_up-R_up,-50.645,52.931,-161.069,136.933
33.0,9.0,1,3,2,2,4,L_up-R_up,-45.558,44.448,-155.864,136.933
34.0,9.0,1,3,2,2,4,L_up-R_up,-39.522,33.958,-150.516,136.561
35.0,9.0,1,3,2,2,4,L_up-R_up,-30.95,18.297,-145.109,135.826
36.0,9.0,0,0,0,2,0,none,,,,
37.0,9.0,0,0,0,2,0,none,,,,
38.0,9.0,0,0,0,2,0,none,,,,
39.0,9.0,0,0,0,2,0,none,,,,
40.0,9.0,0,0,0,2,0,none,,,,
0.0,10.0,0,0,2,0,0,none,,,,
1.0,10.0,0,0,2,0,0,none,,,,
2.0,10.0,0,0,2,0,0,none,,,,
3.0,10.0,0,0,2,0,0,none,,,,
4.0,10.0,0,0,2,0,0,none,,,,
5.0,10.0,1,3,2,2,4,L_up-R_up,-173.94,139.808,-172.754,25.474
6.0,10.0,1,3,2,2,4,L_up-R_up,-168.833,140.604,-178.568,38.484
7.0,10.0,1,3,2,2,4,L_up-R_up,-163.366,141.007,-182.661,48.147
8.0,10.0,1,3,2,2,4,L_up-R_up,-157.641,141.007,-185.903,56.213
9.0,10.0,1,3,2,2,4,L_up-R_up,-151.771,140.604,-188.595,63.292
10.0,10.0,1,3,2,2,4,L_up-R_up,-145.868,139.808,-190.879,69.682
11.0,10.0,1,3,2,2,4,L_up-R_up,-140.029,138.639,-192.834,75.555
12.0,10.0,1,3,2,2,4,L_up-R_up,-134.332,137.12,-194.506,81.019
13.0,10.0,1,3,2,2,4,L_up-R_up,-128.829,135.28,-195.923,86.146
14.0,10.0,1,3,2,2,4,L_up-R_up,-123.55,133.148,-197.1,90.987
15.0,10.0,1,3,2,2,4,L_up-R_up,-118.506,130.751,-198.045,95.579
16.0,10.0,1,3,2,2,4,L_up-R_up,-113.692,128.114,-198.756,99.949
17.0,10.0,1,3,2,2,4,L_up-R_up,-109.097,125.255,-199.23,104.116
18.0,10.0,1,3,2,2,4,L_up-R_up,-104.699,122.193,-199.454,108.093
19.0,10.0,1,3,2,2,4,L_up-R_up,-100.479,118.94,-199.415,111.887
20.0,10.0,1,3,2,2,4,L_up-R_up,-96.411,115.503,-199.092,115.503
21.0,10.0,1,3,2,2,4,L_up-R_up,-92.472,111.887,-198.461,118.94
22.0,10.0,1,3,2,2,4,L_up-R_up,-88.639,108.093,-197.494,122.193
23.0,10.0,1,3,2,2,4,L_up-R_up,-84.887,104.116,-196.159,125.255
24.0,10.0,1,3,2,2,4,L_up-R_up,-81.193,99.949,-194.421,128.114
25.0,10.0,1,3,2,2,4,L_up-R_up,-77.534,95.579,-192.246,130.751
26.0,10.0,1,3,2,2,4,L_up-R_up,-73.886,90.987,-189.598,133.148
27.0,10.0,1,3,2,2,4,L_up-R_up,-70.222,86.146,-186.451,135.28
28.0,10.0,1,3,2,2,4,L_up-R_up,-66.513,81.019,-182.788,137.12
29.0,10.0,1,3,2,2,4,L_up-R_up,-62.722,75.555,-178.609,138.639
30.0,10.0,1,3,2,2,4,L_up-R_up,-58.804,69.682,-173.94,139.808
31.0,10.0,1,3,2,2,4,L_up-R_up,-54.697,63.292,-168.833,140.604
32.0,10.0,1,3,2,2,4,L_up-R_up,-50.31,56.213,-163.366,141.007
33.0,10.0,1,3,2,2,4,L_up-R_up,-45.486,48.147,-157.641,141.007
34.0,10.0,1,3,2,2,4,L_up-R_up,-39.917,38.484,-151.771,140.604
35.0,10.0,1,3,2,2,4,L_up-R_up,-32.72,25.474,-145.868,139.808
36.0,10.0,0,0,0,2,0,none,,,,
37.0,10.0,0,0,0,2,0,none,,,,
38.0,10.0,0,0,0,2,0,none,,,,
39.0,10.0,0,0,0,2,0,none,,,,
40.0,10.0,0,0,0,2,0,none,,,,
0.0,11.0,0,0,2,0,0,none,,,,
1.0,11.0,0,0,2,0,0,none,,,,
2.0,11.0,0,0,2,0,0,none,,,,
3.0,11.0,0,0,2,0,0,none,,,,
4.0,11.0,1,3,2,2,4,L_up-R_up,-182.473,142.446,-167.443,9.936
5.0,11.0,1,3,2,2,4,L_up-R_up,-177.383,143.718,-177.189,30.621
6.0,11.0,1,3,2,2,4,L_up-R_up,-171.756,144.587,-182.352,42.221
7.0,11.0,1,3,2,2,4,L_up-R_up,-165.694,145.029,-186.219,51.318
8.0,11.0,1,3,2,2,4,L_up-R_up,-159.335,145.029,-189.368,59.077
9.0,11.0,1,3,2,2,4,L_up-R_up,-152.831,144.587,-192.029,65.97
10.0,11.0,1,3,2,2,4,L_up-R_up,-146.335,143.718,-194.32,72.242
11.0,11.0,1,3,2,2,4,L_up-R_up,-139.972,142.446,-196.306,78.04
12.0,11.0,1,3,2,2,4,L_up-R_up,-133.837,140.805,-198.028,83.46
13.0,11.0,1,3,2,2,4,L_up-R_up,-127.986,138.832,-199.509,88.567
14.0,11.0,1,3,2,2,4,L_up-R_up,-122.443,136.561,-200.762,93.408
15.0,11.0,1,3,2,2,4,L_up-R_up,-117.208,134.027,-201.792,98.016
16.0,11.0,1,3,2,2,4,L_up-R_up,-112.265,131.258,-202.597,102.416
17.0,11.0,1,3,2,2,4,L_up-R_up,-107.59,128.276,-203.171,106.625
18.0,11.0,1,3,2,2,4,L_up-R_up,-103.151,125.1,-203.501,110.657
19.0,11.0,1,3,2,2,4,L_up-R_up,-98.919,121.743,-203.57,114.519
20.0,11.0,1,3,2,2,4,L_up-R_up,-94.861,118.215,-203.353,118.215
21.0,11.0,1,3,2,2,4,L_up-R_up,-90.95,114.519,-202.824,121.743
22.0,11.0,1,3,2,2,4,L_up-R_up,-87.156,110.657,-201.949,125.1
23.0,11.0,1,3,2,2,4,L_up-R_up,-83.454,106.625,-200.686,128.276
24.0,11.0,1,3,2,2,4,L_up-R_up,-79.818,102.416,-198.992,131.258
25.0,11.0,1,3,2,2,4,L_up-R_up,-76.224,98.016,-196.819,134.027
26.0,11.0,1,3,2,2,4,L_up-R_up,-72.646,93.408,-194.118,136.561
27.0,11.0,1,3,2,2,4,L_up-R_up,-69.059,88.567,-190.845,138.832
28.0,11.0,1,3,2,2,4,L_up-R_up,-65.433,83.46,-186.968,140.805
29.0,11.0,1,3,2,2,4,L_up-R_up,-61.735,78.04,-182.473,142.446
30.0,11.0,1,3,2,2,4,L_up-R_up,-57.922,72.242,-177.383,143.718
31.0,11.0,1,3,2,2,4,L_up-R_up,-53.941,65.97,-171.756,144.587
32.0,11.0,1,3,2,2,4,L_up-R_up,-49.709,59.077,-165.694,145.029
33.0,11.0,1,3,2,2,4,L_up-R_up,-45.099,51.318,-159.335,145.029
34.0,11.0,1,3,2,2,4,L_up-R_up,-39.869,42.221,-152.831,144.587
35.0,11.0,1,3,2,2,4,L_up-R_up,-33.432,30.621,-146.335,143.718
36.0,11.0,1,3,2,2,4,L_up-R_up,-22.494,9.936,-139.972,142.446
37.0,11.0,0,0,0,2,0,none,,,,
38.0,11.0,0,0,0,2,0,none,,,,
39.0,11.0,0,0,0,2,0,none,,,,
40.0,11.0,0,0,0,2,0,none,,,,
0.0,12.0,0,0,2,0,0,none,,,,
1.0,12.0,0,0,2,0,0,none,,,,
2.0,12.0,0,0,2,0,0,none,,,,
3.0,12.0,0,0,2,0,0,none,,,,
4.0,12.0,1,3,2,2,4,L_up-R_up,-186.707,146.156,-173.669,18.698
5.0,12.0,1,3,2,2,4,L_up-R_up,-181.131,147.553,-181.098,34.636
6.0,12.0,1,3,2,2,4,L_up-R_up,-174.877,148.515,-185.876,45.35
7.0,12.0,1,3,2,2,4,L_up-R_up,-168.079,149.006,-189.602,54.04
8.0,12.0,1,3,2,2,4,L_up-R_up,-160.927,149.006,-192.701,61.568
9.0,12.0,1,3,2,2,4,L_up-R_up,-153.638,148.515,-195.359,68.319
10.0,12.0,1,3,2,2,4,L_up-R_up,-146.423,147.553,-197.677,74.501
11.0,12.0,1,3,2,2,4,L_up-R_up,-139.449,146.156,-199.712,80.244
12.0,12.0,1,3,2,2,4,L_up-R_up,-132.826,144.368,-201.5,85.635
13.0,12.0,1,3,2,2,4,L_up-R_up,-126.61,142.237,-203.06,90.732
14.0,12.0,1,3,2,2,4,L_up-R_up,-120.81,139.808,-204.404,95.579
15.0,12.0,1,3,2,2,4,L_up-R_up,-115.407,137.12,-205.537,100.208
16.0,12.0,1,3,2,2,4,L_up-R_up,-110.367,134.205,-206.455,104.642
17.0,12.0,1,3,2,2,4,L_up-R_up,-105.645,131.088,-207.15,108.898
18.0,12.0,1,3,2,2,4,L_up-R_up,-101.199,127.791,-207.608,112.989
19.0,12.0,1,3,2,2,4,L_up-R_up,-96.987,124.325,-207.81,116.922
20.0,12.0,1,3,2,2,4,L_up-R_up,-92.97,120.701,-207.731,120.701
21.0,12.0,1,3,2,2,4,L_up-R_up,-89.112,116.922,-207.338,124.325
22.0,12.0,1,3,2,2,4,L_up-R_up,-85.381,112.989,-206.591,127.791
23.0,12.0,1,3,2,2,4,L_up-R_up,-81.749,108.898,-205.443,131.088
24.0,12.0,1,3,2,2,4,L_up-R_up,-78.187,104.642,-203.838,134.205
25.0,12.0,1,3,2,2,4,L_up-R_up,-74.671,100.208,-201.712,137.12
26.0,12.0,1,3,2,2,4,L_up-R_up,-71.175,95.579,-198.998,139.808
27.0,12.0,1,3,2,2,4,L_up-R_up,-67.672,90.732,-195.627,142.237
28.0,12.0,1,3,2,2,4,L_up-R_up,-64.135,85.635,-191.542,144.368
29.0,12.0,1,3,2,2,4,L_up-R_up,-60.532,80.244,-186.707,146.156
30.0,12.0,1,3,2,2,4,L_up-R_up,-56.824,74.501,-181.131,147.553
31.0,12.0,1,3,2,2,4,L_up-R_up,-52.959,68.319,-174.877,148.515
32.0,12.0,1,3,2,2,4,L_up-R_up,-48.868,61.568,-168.079,149.006
33.0,12.0,1,3,2,2,4,L_up-R_up,-44.438,54.04,-160.927,149.006
34.0,12.0,1,3,2,2,4,L_up-R_up,-39.473,45.35,-153.638,148.515
35.0,12.0,1,3,2,2,4,L_up-R_up,-33.538,34.636,-146.423,147.553
36.0,12.0,1,3,2,2,4,L_up-R_up,-25.028,18.698,-139.449,146.156
37.0,12.0,0,0,0,2,0,none,,,,
38.0,12.0,0,0,0,2,0,none,,,,
39.0,12.0,0,0,0,2,0,none,,,,
40.0,12.0,0,0,0,2,0,none,,,,
0.0,13.0,0,0,2,0,0,none,,,,
1.0,13.0,0,0,2,0,0,none,,,,
2.0,13.0,0,0,2,0,0,none,,,,
3.0,13.0,0,0,2,0,0,none,,,,
4.0,13.0,1,3,2,2,4,L_up-R_up,-191.443,149.756,-178.176,23.952
5.0,13.0,1,3,2,2,4,L_up-R_up,-185.308,151.309,-184.652,37.866
6.0,13.0,1,3,2,2,4,L_up-R_up,-178.289,152.389,-189.191,47.976
7.0,13.0,1,3,2,2,4,L_up-R_up,-170.557,152.943,-192.833,56.366
8.0,13.0,1,3,2,2,4,L_up-R_up,-162.386,152.943,-195.914,63.719
9.0,13.0,1,3,2,2,4,L_up-R_up,-154.1,152.389,-198.593,70.36
10.0,13.0,1,3,2,2,4,L_up-R_up,-146.001,151.309,-200.955,76.474
11.0,13.0,1,3,2,2,4,L_up-R_up,-138.313,149.756,-203.054,82.177
12.0,13.0,1,3,2,2,4,L_up-R_up,-131.16,147.791,-204.921,87.548
13.0,13.0,1,3,2,2,4,L_up-R_up,-124.581,145.476,-206.575,92.643
14.0,13.0,1,3,2,2,4,L_up-R_up,-118.554,142.866,-208.025,97.502
15.0,13.0,1,3,2,2,4,L_up-R_up,-113.028,140.006,-209.276,102.155
16.0,13.0,1,3,2,2,4,L_up-R_up,-107.939,136.933,-210.324,106.625
17.0,13.0,1,3,2,2,4,L_up-R_up,-103.221,133.674,-211.16,110.93
18.0,13.0,1,3,2,2,4,L_up-R_up,-98.815,130.249,-211.771,115.08
19.0,13.0,1,3,2,2,4,L_up-R_up,-94.664,126.671,-212.135,119.085
20.0,13.0,1,3,2,2,4,L_up-R_up,-90.723,122.949,-212.226,122.949
21.0,13.0,1,3,2,2,4,L_up-R_up,-86.95,119.085,-212.007,126.671
22.0,13.0,1,3,2,2,4,L_up-R_up,-83.31,115.08,-211.434,130.249
23.0,13.0,1,3,2,2,4,L_up-R_up,-79.769,110.93,-210.453,133.674
24.0,13.0,1,3,2,2,4,L_up-R_up,-76.301,106.625,-208.994,136.933
25.0,13.0,1,3,2,2,4,L_up-R_up,-72.879,102.155,-206.978,140.006
26.0,13.0,1,3,2,2,4,L_up-R_up,-69.476,97.502,-204.312,142.866
27.0,13.0,1,3,2,2,4,L_up-R_up,-66.068,92.643,-200.895,145.476
28.0,13.0,1,3,2,2,4,L_up-R_up,-62.627,87.548,-196.631,147.791
29.0,13.0,1,3,2,2,4,L_up-R_up,-59.123,82.177,-191.443,149.756
30.0,13.0,1,3,2,2,4,L_up-R_up,-55.518,76.474,-185.308,151.309
31.0,13.0,1,3,2,2,4,L_up-R_up,-51.767,70.36,-178.289,152.389
32.0,13.0,1,3,2,2,4,L_up-R_up,-47.805,63.719,-170.557,152.943
33.0,13.0,1,3,2,2,4,L_up-R_up,-43.533,56.366,-162.386,152.943
34.0,13.0,1,3,2,2,4,L_up-R_up,-38.785,47.976,-154.1,152.389
35.0,13.0,1,3,2,2,4,L_up-R_up,-33.214,37.866,-146.001,151.309
36.0,13.0,1,3,2,2,4,L_up-R_up,-25.775,23.952,-138.313,149.756
37.0,13.0,0,0,0,2,0,none,,,,
38.0,13.0,0,0,0,2,0,none,,,,
39.0,13.0,0,0,0,2,0,none,,,,
40.0,13.0,0,0,0,2,0,none,,,,
0.0,14.0,0,0,2,0,0,none,,,,
1.0,14.0,0,0,2,0,0,none,,,,
2.0,14.0,0,0,2,0,0,none,,,,
3.0,14.0,0,0,2,0,0,none,,,,
4.0,14.0,1,3,2,2,4,L_up-R_up,-196.869,153.224,-181.986,27.748
5.0,14.0,1,3,2,2,4,L_up-R_up,-190.107,154.973,-187.935,40.487
6.0,14.0,1,3,2,2,4,L_up-R_up,-182.139,156.206,-192.326,50.167
7.0,14.0,1,3,2,2,4,L_up-R_up,-173.186,156.845,-195.925,58.332
8.0,14.0,1,3,2,2,4,L_up-R_up,-163.659,156.845,-199.015,65.551
9.0,14.0,1,3,2,2,4,L_up-R_up,-154.067,156.206,-201.731,72.108
10.0,14.0,1,3,2,2,4,L_up-R_up,-144.867,154.973,-204.154,78.171
11.0,14.0,1,3,2,2,4,L_up-R_up,-136.356,153.224,-206.33,83.845
12.0,14.0,1,3,2,2,4,L_up-R_up,-128.653,151.045,-208.288,89.204
13.0,14.0,1,3,2,2,4,L_up-R_up,-121.747,148.515,-210.048,94.301
14.0,14.0,1,3,2,2,4,L_up-R_up,-115.56,145.701,-211.618,99.175
15.0,14.0,1,3,2,2,4,L_up-R_up,-109.987,142.655,-213.002,103.854
16.0,14.0,1,3,2,2,4,L_up-R_up,-104.925,139.415,-214.197,108.361
17.0,14.0,1,3,2,2,4,L_up-R_up,-100.28,136.009,-215.195,112.713
18.0,14.0,1,3,2,2,4,L_up-R_up,-95.972,132.454,-215.982,116.922
19.0,14.0,1,3,2,2,4,L_up-R_up,-91.935,128.764,-216.536,120.997
20.0,14.0,1,3,2,2,4,L_up-R_up,-88.113,124.944,-216.831,124.944
21.0,14.0,1,3,2,2,4,L_up-R_up,-84.461,120.997,-216.829,128.764
22.0,14.0,1,3,2,2,4,L_up-R_up,-80.94,116.922,-216.482,132.454
23.0,14.0,1,3,2,2,4,L_up-R_up,-77.518,112.713,-215.729,136.009
24.0,14.0,1,3,2,2,4,L_up-R_up,-74.164,108.361,-214.49,139.415
25.0,14.0,1,3,2,2,4,L_up-R_up,-70.852,103.854,-212.668,142.655
26.0,14.0,1,3,2,2,4,L_up-R_up,-67.556,99.175,-210.141,145.701
27.0,14.0,1,3,2,2,4,L_up-R_up,-64.253,94.301,-206.768,148.515
28.0,14.0,1,3,2,2,4,L_up-R_up,-60.916,89.204,-202.392,151.045
29.0,14.0,1,3,2,2,4,L_up-R_up,-57.515,83.845,-196.869,153.224
30.0,14.0,1,3,2,2,4,L_up-R_up,-54.017,78.171,-190.107,154.973
31.0,14.0,1,3,2,2,4,L_up-R_up,-50.377,72.108,-182.139,156.206
32.0,14.0,1,3,2,2,4,L_up-R_up,-46.536,65.551,-173.186,156.845
33.0,14.0,1,3,2,2,4,L_up-R_up,-42.406,58.332,-163.659,156.845
34.0,14.0,1,3,2,2,4,L_up-R_up,-37.841,50.167,-154.067,156.206
35.0,14.0,1,3,2,2,4,L_up-R_up,-32.551,40.487,-144.867,154.973
36.0,14.0,1,3,2,2,4,L_up-R_up,-25.763,27.748,-136.356,153.224
37.0,14.0,0,0,0,2,0,none,,,,
38.0,14.0,0,0,0,2,0,none,,,,
39.0,14.0,0,0,0,2,0,none,,,,
40.0,14.0,0,0,0,2,0,none,,,,
0.0,15.0,0,0,2,0,0,none,,,,
1.0,15.0,0,0,2,0,0,none,,,,
2.0,15.0,0,0,2,0,0,none,,,,
3.0,15.0,1,3,2,2,4,L_up-R_up,-209.03,154.085,-174.546,8.332
4.0,15.0,1,3,2,2,4,L_up-R_up,-203.254,156.523,-185.36,30.621
5.0,15.0,1,3,2,2,4,L_up-R_up,-195.826,158.522,-190.995,42.599
6.0,15.0,1,3,2,2,4,L_up-R_up,-186.678,159.958,-195.299,51.967
7.0,15.0,1,3,2,2,4,L_up-R_up,-176.068,160.715,-198.888,59.963
8.0,15.0,1,3,2,2,4,L_up-R_up,-164.647,160.715,-202.005,67.08
9.0,15.0,1,3,2,2,4,L_up-R_up,-153.28,159.958,-204.775,73.574
10.0,15.0,1,3,2,2,4,L_up-R_up,-142.696,158.522,-207.27,79.598
11.0,15.0,1,3,2,2,4,L_up-R_up,-133.27,156.523,-209.534,85.252
12.0,15.0,1,3,2,2,4,L_up-R_up,-125.055,154.085,-211.595,90.605
13.0,15.0,1,3,2,2,4,L_up-R_up,-117.928,151.309,-213.472,95.707
14.0,15.0,1,3,2,2,4,L_up-R_up,-111.705,148.272,-215.174,100.596
15.0,15.0,1,3,2,2,4,L_up-R_up,-106.205,145.029,-216.705,105.301
16.0,15.0,1,3,2,2,4,L_up-R_up,-101.275,141.618,-218.063,109.843
17.0,15.0,1,3,2,2,4,L_up-R_up,-96.79,138.064,-219.241,114.24
18.0,15.0,1,3,2,2,4,L_up-R_up,-92.655,134.382,-220.226,118.504
19.0,15.0,1,3,2,2,4,L_up-R_up,-88.79,130.584,-221.0,122.646
20.0,15.0,1,3,2,2,4,L_up-R_up,-85.137,126.671,-221.534,126.671
21.0,15.0,1,3,2,2,4,L_up-R_up,-81.646,122.646,-221.793,130.584
22.0,15.0,1,3,2,2,4,L_up-R_up,-78.278,118.504,-221.728,134.382
23.0,15.0,1,3,2,2,4,L_up-R_up,-74.999,114.24,-221.273,138.064
24.0,15.0,1,3,2,2,4,L_up-R_up,-71.78,109.843,-220.343,141.618
25.0,15.0,1,3,2,2,4,L_up-R_up,-68.596,105.301,-218.825,145.029
26.0,15.0,1,3,2,2,4,L_up-R_up,-65.422,100.596,-216.567,148.272
27.0,15.0,1,3,2,2,4,L_up-R_up,-62.235,95.707,-213.381,151.309
28.0,15.0,1,3,2,2,4,L_up-R_up,-59.009,90.605,-209.03,154.085
29.0,15.0,1,3,2,2,4,L_up-R_up,-55.718,85.252,-203.254,156.523
30.0,15.0,1,3,2,2,4,L_up-R_up,-52.328,79.598,-195.826,158.522
31.0,15.0,1,3,2,2,4,L_up-R_up,-48.798,73.574,-186.678,159.958
32.0,15.0,1,3,2,2,4,L_up-R_up,-45.075,67.08,-176.068,160.715
33.0,15.0,1,3,2,2,4,L_up-R_up,-41.075,59.963,-164.647,160.715
34.0,15.0,1,3,2,2,4,L_up-R_up,-36.669,51.967,-153.28,159.958
35.0,15.0,1,3,2,2,4,L_up-R_up,-31.604,42.599,-142.696,158.522
36.0,15.0,1,3,2,2,4,L_up-R_up,-25.261,30.621,-133.27,156.523
37.0,15.0,1,3,2,2,4,L_up-R_up,-13.786,8.332,-125.055,154.085
38.0,15.0,0,0,0,2,0,none,,,,
39.0,15.0,0,0,0,2,0,none,,,,
40.0,15.0,0,0,0,2,0,none,,,,
0.0,16.0,0,0,2,0,0,none,,,,
1.0,16.0,0,0,2,0,0,none,,,,
2.0,16.0,0,0,2,0,0,none,,,,
3.0,16.0,1,3,2,2,4,L_up-R_up,-216.789,156.845,-179.378,14.2
4.0,16.0,1,3,2,2,4,L_up-R_up,-210.981,159.59,-188.411,32.801
5.0,16.0,1,3,2,2,4,L_up-R_up,-202.959,161.907,-193.857,44.266
6.0,16.0,1,3,2,2,4,L_up-R_up,-192.369,163.626,-198.12,53.408
7.0,16.0,1,3,2,2,4,L_up-R_up,-179.403,164.556,-201.724,61.278
8.0,16.0,1,3,2,2,4,L_up-R_up,-165.153,164.556,-204.887,68.319
9.0,16.0,1,3,2,2,4,L_up-R_up,-151.257,163.626,-207.723,74.765
10.0,16.0,1,3,2,2,4,L_up-R_up,-138.948,161.907,-210.3,80.761
11.0,16.0,1,3,2,2,4,L_up-R_up,-128.609,159.59,-212.661,86.401
12.0,16.0,1,3,2,2,4,L_up-R_up,-120.056,156.845,-214.835,91.751
13.0,16.0,1,3,2,2,4,L_up-R_up,-112.925,153.795,-216.838,96.86
14.0,16.0,1,3,2,2,4,L_up-R_up,-106.869,150.523,-218.682,101.764
15.0,16.0,1,3,2,2,4,L_up-R_up,-101.613,147.082,-220.371,106.492
16.0,16.0,1,3,2,2,4,L_up-R_up,-96.953,143.503,-221.906,111.066
17.0,16.0,1,3,2,2,4,L_up-R_up,-92.738,139.808,-223.281,115.503
18.0,16.0,1,3,2,2,4,L_up-R_up,-88.859,136.009,-224.486,119.816
19.0,16.0,1,3,2,2,4,L_up-R_up,-85.234,132.11,-225.504,124.017
20.0,16.0,1,3,2,2,4,L_up-R_up,-81.801,128.114,-226.312,128.114
21.0,16.0,1,3,2,2,4,L_up-R_up,-78.513,124.017,-226.876,132.11
22.0,16.0,1,3,2,2,4,L_up-R_up,-75.33,119.816,-227.15,136.009
23.0,16.0,1,3,2,2,4,L_up-R_up,-72.222,115.503,-227.07,139.808
24.0,16.0,1,3,2,2,4,L_up-R_up,-69.16,111.066,-226.55,143.503
25.0,16.0,1,3,2,2,4,L_up-R_up,-66.121,106.492,-225.468,147.082
26.0,16.0,1,3,2,2,4,L_up-R_up,-63.083,101.764,-223.654,150.523
27.0,16.0,1,3,2,2,4,L_up-R_up,-60.022,96.86,-220.87,153.795
28.0,16.0,1,3,2,2,4,L_up-R_up,-56.916,91.751,-216.789,156.845
29.0,16.0,1,3,2,2,4,L_up-R_up,-53.74,86.401,-210.981,159.59
30.0,16.0,1,3,2,2,4,L_up-R_up,-50.461,80.761,-202.959,161.907
31.0,16.0,1,3,2,2,4,L_up-R_up,-47.042,74.765,-192.369,163.626
32.0,16.0,1,3,2,2,4,L_up-R_up,-43.432,68.319,-179.403,164.556
33.0,16.0,1,3,2,2,4,L_up-R_up,-39.554,61.278,-165.153,164.556
34.0,16.0,1,3,2,2,4,L_up-R_up,-35.288,53.408,-151.257,163.626
35.0,16.0,1,3,2,2,4,L_up-R_up,-30.409,44.266,-138.948,161.907
36.0,16.0,1,3,2,2,4,L_up-R_up,-24.39,32.801,-128.609,159.59
37.0,16.0,1,3,2,2,4,L_up-R_up,-14.822,14.2,-120.056,156.845
38.0,16.0,0,0,0,2,0,none,,,,
39.0,16.0,0,0,0,2,0,none,,,,
40.0,16.0,0,0,0,2,0,none,,,,
0.0,17.0,0,0,2,0,0,none,,,,
1.0,17.0,0,0,2,0,0,none,,,,
2.0,17.0,0,0,2,0,0,none,,,,
3.0,17.0,1,3,2,2,4,L_up-R_up,-225.924,159.228,-182.927,17.467
4.0,17.0,1,3,2,2,4,L_up-R_up,-220.56,162.322,-191.197,34.412
5.0,17.0,1,3,2,2,4,L_up-R_up,-212.326,165.041,-196.538,45.528
6.0,17.0,1,3,2,2,4,L_up-R_up,-200.146,167.161,-200.796,54.51
7.0,17.0,1,3,2,2,4,L_up-R_up,-183.644,168.363,-204.435,62.29
8.0,17.0,1,3,2,2,4,L_up-R_up,-164.719,168.363,-207.656,69.275
9.0,17.0,1,3,2,2,4,L_up-R_up,-147.016,167.161,-210.568,75.687
10.0,17.0,1,3,2,2,4,L_up-R_up,-132.715,165.041,-213.237,81.663
11.0,17.0,1,3,2,2,4,L_up-R_up,-121.762,162.322,-215.703,87.293
12.0,17.0,1,3,2,2,4,L_up-R_up,-113.304,159.228,-217.996,92.643
13.0,17.0,1,3,2,2,4,L_up-R_up,-106.557,155.892,-220.133,97.759
14.0,17.0,1,3,2,2,4,L_up-R_up,-100.969,152.389,-222.127,102.676
15.0,17.0,1,3,2,2,4,L_up-R_up,-96.181,148.76,-223.985,107.424
16.0,17.0,1,3,2,2,4,L_up-R_up,-91.955,145.029,-225.707,112.024
17.0,17.0,1,3,2,2,4,L_up-R_up,-88.13,141.21,-227.293,116.494
18.0,17.0,1,3,2,2,4,L_up-R_up,-84.599,137.307,-228.735,120.849
19.0,17.0,1,3,2,2,4,L_up-R_up,-81.282,133.323,-230.021,125.1
20.0,17.0,1,3,2,2,4,L_up-R_up,-78.123,129.255,-231.132,129.255
21.0,17.0,1,3,2,2,4,L_up-R_up,-75.079,125.1,-232.041,133.323
22.0,17.0,1,3,2,2,4,L_up-R_up,-72.114,120.849,-232.708,137.307
23.0,17.0,1,3,2,2,4,L_up-R_up,-69.201,116.494,-233.079,141.21
24.0,17.0,1,3,2,2,4,L_up-R_up,-66.317,112.024,-233.075,145.029
25.0,17.0,1,3,2,2,4,L_up-R_up,-63.44,107.424,-232.578,148.76
26.0,17.0,1,3,2,2,4,L_up-R_up,-60.549,102.676,-231.419,152.389
27.0,17.0,1,3,2,2,4,L_up-R_up,-57.625,97.759,-229.336,155.892
28.0,17.0,1,3,2,2,4,L_up-R_up,-54.647,92.643,-225.924,159.228
29.0,17.0,1,3,2,2,4,L_up-R_up,-51.59,87.293,-220.56,162.322
30.0,17.0,1,3,2,2,4,L_up-R_up,-48.426,81.663,-212.326,165.041
31.0,17.0,1,3,2,2,4,L_up-R_up,-45.118,75.687,-200.146,167.161
32.0,17.0,1,3,2,2,4,L_up-R_up,-41.618,69.275,-183.644,168.363
33.0,17.0,1,3,2,2,4,L_up-R_up,-37.855,62.29,-164.719,168.363
34.0,17.0,1,3,2,2,4,L_up-R_up,-33.714,54.51,-147.016,167.161
35.0,17.0,1,3,2,2,4,L_up-R_up,-28.99,45.528,-132.715,165.041
36.0,17.0,1,3,2,2,4,L_up-R_up,-23.215,34.412,-121.762,162.322
37.0,17.0,1,3,2,2,4,L_up-R_up,-14.54,17.467,-113.304,159.228
38.0,17.0,0,0,0,2,0,none,,,,
39.0,17.0,0,0,0,2,0,none,,,,
40.0,17.0,0,0,0,2,0,none,,,,
0.0,18.0,0,0,2,0,0,none,,,,
1.0,18.0,0,0,2,0,0,none,,,,
2.0,18.0,0,0,2,0,0,none,,,,
3.0,18.0,1,3,2,2,4,L_up-R_up,-236.59,161.105,-185.86,19.477
4.0,18.0,1,3,2,2,4,L_up-R_up,-232.533,164.556,-193.747,35.522
5.0,18.0,1,3,2,2,4,L_up-R_up,-225.214,167.748,-199.047,46.414
6.0,18.0,1,3,2,2,4,L_up-R_up,-212.09,170.44,-203.328,55.289
7.0,18.0,1,3,2,2,4,L_up-R_up,-190.096,172.119,-207.019,63.007
8.0,18.0,1,3,2,2,4,L_up-R_up,-162.023,172.119,-210.31,69.954
9.0,18.0,1,3,2,2,4,L_up-R_up,-138.35,170.44,-213.307,76.343
10.0,18.0,1,3,2,2,4,L_up-R_up,-122.534,167.748,-216.073,82.306
11.0,18.0,1,3,2,2,4,L_up-R_up,-112.023,164.556,-218.651,87.931
12.0,18.0,1,3,2,2,4,L_up-R_up,-104.515,161.105,-221.068,93.28
13.0,18.0,1,3,2,2,4,L_up-R_up,-98.734,157.501,-223.345,98.402
14.0,18.0,1,3,2,2,4,L_up-R_up,-94.0,153.795,-225.495,103.33
15.0,18.0,1,3,2,2,4,L_up-R_up,-89.936,150.01,-227.527,108.093
16.0,18.0,1,3,2,2,4,L_up-R_up,-86.318,146.156,-229.445,112.713
17.0,18.0,1,3,2,2,4,L_up-R_up,-83.007,142.237,-231.252,117.208
18.0,18.0,1,3,2,2,4,L_up-R_up,-79.912,138.255,-232.943,121.593
19.0,18.0,1,3,2,2,4,L_up-R_up,-76.968,134.205,-234.514,125.882
20.0,18.0,1,3,2,2,4,L_up-R_up,-74.131,130.082,-235.951,130.082
21.0,18.0,1,3,2,2,4,L_up-R_up,-71.368,125.882,-237.236,134.205
22.0,18.0,1,3,2,2,4,L_up-R_up,-68.65,121.593,-238.343,138.255
23.0,18.0,1,3,2,2,4,L_up-R_up,-65.956,117.208,-239.23,142.237
24.0,18.0,1,3,2,2,4,L_up-R_up,-63.268,112.713,-239.837,146.156
25.0,18.0,1,3,2,2,4,L_up-R_up,-60.566,108.093,-240.073,150.01
26.0,18.0,1,3,2,2,4,L_up-R_up,-57.835,103.33,-239.795,153.795
27.0,18.0,1,3,2,2,4,L_up-R_up,-55.057,98.402,-238.768,157.501
28.0,18.0,1,3,2,2,4,L_up-R_up,-52.212,93.28,-236.59,161.105
29.0,18.0,1,3,2,2,4,L_up-R_up,-49.28,87.931,-232.533,164.556
30.0,18.0,1,3,2,2,4,L_up-R_up,-46.232,82.306,-225.214,167.748
31.0,18.0,1,3,2,2,4,L_up-R_up,-43.036,76.343,-212.09,170.44
32.0,18.0,1,3,2,2,4,L_up-R_up,-39.644,69.954,-190.096,172.119
33.0,18.0,1,3,2,2,4,L_up-R_up,-35.988,63.007,-162.023,172.119
34.0,18.0,1,3,2,2,4,L_up-R_up,-31.96,55.289,-138.35,170.44
35.0,18.0,1,3,2,2,4,L_up-R_up,-27.367,46.414,-122.534,167.748
36.0,18.0,1,3,2,2,4,L_up-R_up,-21.775,35.522,-112.023,164.556
37.0,18.0,1,3,2,2,4,L_up-R_up,-13.617,19.477,-104.515,161.105
38.0,18.0,0,0,0,2,0,none,,,,
39.0,18.0,0,0,0,2,0,none,,,,
40.0,18.0,0,0,0,2,0,none,,,,
0.0,19.0,0,0,2,0,0,none,,,,
1.0,19.0,0,0,2,0,0,none,,,,
2.0,19.0,0,0,2,0,0,none,,,,
3.0,19.0,1,3,2,2,4,L_up-R_up,-248.632,162.322,-188.354,20.592
4.0,19.0,1,3,2,2,4,L_up-R_up,-247.085,166.062,-196.078,36.175
5.0,19.0,1,3,2,2,4,L_up-R_up,-243.049,169.701,-201.387,46.939
6.0,19.0,1,3,2,2,4,L_up-R_up,-232.865,173.11,-205.715,55.752
7.0,19.0,1,3,2,2,4,L_up-R_up,-204.429,175.728,-209.471,63.434
8.0,19.0,1,3,2,2,4,L_up-R_up,-151.299,175.728,-212.843,70.36
9.0,19.0,1,3,2,2,4,L_up-R_up,-120.245,173.11,-215.931,76.736
10.0,19.0,1,3,2,2,4,L_up-R_up,-106.652,169.701,-218.801,82.691
11.0,19.0,1,3,2,2,4,L_up-R_up,-98.976,166.062,-221.493,88.313
12.0,19.0,1,3,2,2,4,L_up-R_up,-93.69,162.322,-224.039,93.663
13.0,19.0,1,3,2,2,4,L_up-R_up,-89.566,158.522,-226.458,98.788
14.0,19.0,1,3,2,2,4,L_up-R_up,-86.083,154.674,-228.767,103.723
15.0,19.0,1,3,2,2,4,L_up-R_up,-82.986,150.783,-230.977,108.495
16.0,19.0,1,3,2,2,4,L_up-R_up,-80.134,146.848,-233.095,113.127
17.0,19.0,1,3,2,2,4,L_up-R_up,-77.442,142.866,-235.128,117.638
18.0,19.0,1,3,2,2,4,L_up-R_up,-74.856,138.832,-237.076,122.043
19.0,19.0,1,3,2,2,4,L_up-R_up,-72.34,134.74,-238.941,126.354
20.0,19.0,1,3,2,2,4,L_up-R_up,-69.866,130.584,-240.718,130.584
21.0,19.0,1,3,2,2,4,L_up-R_up,-67.414,126.354,-242.4,134.74
22.0,19.0,1,3,2,2,4,L_up-R_up,-64.967,122.043,-243.975,138.832
23.0,19.0,1,3,2,2,4,L_up-R_up,-62.511,117.638,-245.424,142.866
24.0,19.0,1,3,2,2,4,L_up-R_up,-60.032,113.127,-246.714,146.848
25.0,19.0,1,3,2,2,4,L_up-R_up,-57.518,108.495,-247.797,150.783
26.0,19.0,1,3,2,2,4,L_up-R_up,-54.955,103.723,-248.591,154.674
27.0,19.0,1,3,2,2,4,L_up-R_up,-52.33,98.788,-248.956,158.522
28.0,19.0,1,3,2,2,4,L_up-R_up,-49.624,93.663,-248.632,162.322
29.0,19.0,1,3,2,2,4,L_up-R_up,-46.819,88.313,-247.085,166.062
30.0,19.0,1,3,2,2,4,L_up-R_up,-43.89,82.691,-243.049,169.701
31.0,19.0,1,3,2,2,4,L_up-R_up,-40.804,76.736,-232.865,173.11
32.0,19.0,1,3,2,2,4,L_up-R_up,-37.517,70.36,-204.429,175.728
33.0,19.0,1,3,2,2,4,L_up-R_up,-33.963,63.434,-151.299,175.728
34.0,19.0,1,3,2,2,4,L_up-R_up,-30.037,55.752,-120.245,173.11
35.0,19.0,1,3,2,2,4,L_up-R_up,-25.552,46.939,-106.652,169.701
36.0,19.0,1,3,2,2,4,L_up-R_up,-20.097,36.175,-98.976,166.062
37.0,19.0,1,3,2,2,4,L_up-R_up,-12.237,20.592,-93.69,162.322
38.0,19.0,0,0,0,2,0,none,,,,
39.0,19.0,0,0,0,2,0,none,,,,
40.0,19.0,0,0,0,2,0,none,,,,
0.0,20.0,0,0,2,0,0,none,,,,
1.0,20.0,0,0,2,0,0,none,,,,
2.0,20.0,0,0,2,0,0,none,,,,
3.0,20.0,1,3,2,2,4,L_up-R_up,98.627,162.746,169.525,20.951
4.0,20.0,1,3,2,2,4,L_up-R_up,96.7,166.6,161.805,36.39
5.0,20.0,1,3,2,2,4,L_up-R_up,94.78,170.44,156.444,47.113
6.0,20.0,1,3,2,2,4,L_up-R_up,92.866,174.268,152.047,55.906
7.0,20.0,1,3,2,2,4,L_up-R_up,90.955,178.09,148.212,63.577
8.0,20.0,1,3,2,2,4,L_up-R_up,-89.045,178.09,144.752,70.495
9.0,20.0,1,3,2,2,4,L_up-R_up,-87.134,174.268,141.567,76.866
10.0,20.0,1,3,2,2,4,L_up-R_up,-85.22,170.44,138.59,82.819
11.0,20.0,1,3,2,2,4,L_up-R_up,-83.3,166.6,135.78,88.44
12.0,20.0,1,3,2,2,4,L_up-R_up,-81.373,162.746,133.105,93.791
13.0,20.0,1,3,2,2,4,L_up-R_up,-79.436,158.872,130.542,98.917
14.0,20.0,1,3,2,2,4,L_up-R_up,-77.487,154.973,128.073,103.854
15.0,20.0,1,3,2,2,4,L_up-R_up,-75.522,151.045,125.685,108.629
16.0,20.0,1,3,2,2,4,L_up-R_up,-73.541,147.082,123.367,113.266
17.0,20.0,1,3,2,2,4,L_up-R_up,-71.539,143.077,121.109,117.782
18.0,20.0,1,3,2,2,4,L_up-R_up,-69.513,139.025,118.903,122.193
19.0,20.0,1,3,2,2,4,L_up-R_up,-67.46,134.919,116.744,126.513
20.0,20.0,1,3,2,2,4,L_up-R_up,-65.376,130.751,114.624,130.751
21.0,20.0,1,3,2,2,4,L_up-R_up,-63.256,126.513,112.54,134.919
22.0,20.0,1,3,2,2,4,L_up-R_up,-61.097,122.193,110.487,139.025
23.0,20.0,1,3,2,2,4,L_up-R_up,-58.891,117.782,108.461,143.077
24.0,20.0,1,3,2,2,4,L_up-R_up,-56.633,113.266,106.459,147.082
25.0,20.0,1,3,2,2,4,L_up-R_up,-54.315,108.629,104.478,151.045
26.0,20.0,1,3,2,2,4,L_up-R_up,-51.927,103.854,102.513,154.973
27.0,20.0,1,3,2,2,4,L_up-R_up,-49.458,98.917,100.564,158.872
28.0,20.0,1,3,2,2,4,L_up-R_up,-46.895,93.791,98.627,162.746
29.0,20.0,1,3,2,2,4,L_up-R_up,-44.22,88.44,96.7,166.6
30.0,20.0,1,3,2,2,4,L_up-R_up,-41.41,82.819,94.78,170.44
31.0,20.0,1,3,2,2,4,L_up-R_up,-38.433,76.866,92.866,174.268
32.0,20.0,1,3,2,2,4,L_up-R_up,-35.248,70.495,90.955,178.09
33.0,20.0,1,3,2,2,4,L_up-R_up,-31.788,63.577,-89.045,178.09
34.0,20.0,1,3,2,2,4,L_up-R_up,-27.953,55.906,-87.134,174.268
35.0,20.0,1,3,2,2,4,L_up-R_up,-23.556,47.113,-85.22,170.44
36.0,20.0,1,3,2,2,4,L_up-R_up,-18.195,36.39,-83.3,166.6
37.0,20.0,1,3,2,2,4,L_up-R_up,-10.475,20.951,-81.373,162.746
38.0,20.0,0,0,0,2,0,none,,,,
39.0,20.0,0,0,0,2,0,none,,,,
40.0,20.0,0,0,0,2,0,none,,,,
0.0,21.0,0,0,2,0,0,none,,,,
1.0,21.0,0,0,2,0,0,none,,,,
2.0,21.0,0,0,2,0,0,none,,,,
3.0,21.0,1,3,2,2,4,L_up-R_up,86.31,162.322,167.763,20.592
4.0,21.0,1,3,2,2,4,L_up-R_up,81.024,166.062,159.903,36.175
5.0,21.0,1,3,2,2,4,L_up-R_up,73.348,169.701,154.448,46.939
6.0,21.0,1,3,2,2,4,L_up-R_up,59.755,173.11,149.963,55.752
7.0,21.0,1,3,2,2,4,L_up-R_up,28.701,175.728,146.037,63.434
8.0,21.0,1,3,2,2,4,L_up-R_up,-24.429,175.728,142.483,70.36
9.0,21.0,1,3,2,2,4,L_up-R_up,-52.865,173.11,139.196,76.736
10.0,21.0,1,3,2,2,4,L_up-R_up,-63.049,169.701,136.11,82.691
11.0,21.0,1,3,2,2,4,L_up-R_up,-67.085,166.062,133.181,88.313
12.0,21.0,1,3,2,2,4,L_up-R_up,-68.632,162.322,130.376,93.663
13.0,21.0,1,3,2,2,4,L_up-R_up,-68.956,158.522,127.67,98.788
14.0,21.0,1,3,2,2,4,L_up-R_up,-68.591,154.674,125.045,103.723
15.0,21.0,1,3,2,2,4,L_up-R_up,-67.797,150.783,122.482,108.495
16.0,21.0,1,3,2,2,4,L_up-R_up,-66.714,146.848,119.968,113.127
17.0,21.0,1,3,2,2,4,L_up-R_up,-65.424,142.866,117.489,117.638
18.0,21.0,1,3,2,2,4,L_up-R_up,-63.975,138.832,115.033,122.043
19.0,21.0,1,3,2,2,4,L_up-R_up,-62.4,134.74,112.586,126.354
20.0,21.0,1,3,2,2,4,L_up-R_up,-60.718,130.584,110.134,130.584
21.0,21.0,1,3,2,2,4,L_up-R_up,-58.941,126.354,107.66,134.74
22.0,21.0,1,3,2,2,4,L_up-R_up,-57.076,122.043,105.144,138.832
23.0,21.0,1,3,2,2,4,L_up-R_up,-55.128,117.638,102.558,142.866
24.0,21.0,1,3,2,2,4,L_up-R_up,-53.095,113.127,99.866,146.848
25.0,21.0,1,3,2,2,4,L_up-R_up,-50.977,108.495,97.014,150.783
26.0,21.0,1,3,2,2,4,L_up-R_up,-48.767,103.723,93.917,154.674
27.0,21.0,1,3,2,2,4,L_up-R_up,-46.458,98.788,90.434,158.522
28.0,21.0,1,3,2,2,4,L_up-R_up,-44.039,93.663,86.31,162.322
29.0,21.0,1,3,2,2,4,L_up-R_up,-41.493,88.313,81.024,166.062
30.0,21.0,1,3,2,2,4,L_up-R_up,-38.801,82.691,73.348,169.701
31.0,21.0,1,3,2,2,4,L_up-R_up,-35.931,76.736,59.755,173.11
32.0,21.0,1,3,2,2,4,L_up-R_up,-32.843,70.36,28.701,175.728
33.0,21.0,1,3,2,2,4,L_up-R_up,-29.471,63.434,-24.429,175.728
34.0,21.0,1,3,2,2,4,L_up-R_up,-25.715,55.752,-52.865,173.11
35.0,21.0,1,3,2,2,4,L_up-R_up,-21.387,46.939,-63.049,169.701
36.0,21.0,1,3,2,2,4,L_up-R_up,-16.078,36.175,-67.085,166.062
37.0,21.0,1,3,2,2,4,L_up-R_up,-8.354,20.592,-68.632,162.322
38.0,21.0,0,0,0,2,0,none,,,,
39.0,21.0,0,0,0,2,0,none,,,,
40.0,21.0,0,0,0,2,0,none,,,,
0.0,22.0,0,0,2,0,0,none,,,,
1.0,22.0,0,0,2,0,0,none,,,,
2.0,22.0,0,0,2,0,0,none,,,,
3.0,22.0,1,3,2,2,4,L_up-R_up,75.485,161.105,166.383,19.477
4.0,22.0,1,3,2,2,4,L_up-R_up,67.977,164.556,158.225,35.522
5.0,22.0,1,3,2,2,4,L_up-R_up,57.466,167.748,152.633,46.414
6.0,22.0,1,3,2,2,4,L_up-R_up,41.65,170.44,148.04,55.289
7.0,22.0,1,3,2,2,4,L_up-R_up,17.977,172.119,144.012,63.007
8.0,22.0,1,3,2,2,4,L_up-R_up,-10.096,172.119,140.356,69.954
9.0,22.0,1,3,2,2,4,L_up-R_up,-32.09,170.44,136.964,76.343
10.0,22.0,1,3,2,2,4,L_up-R_up,-45.214,167.748,133.768,82.306
11.0,22.0,1,3,2,2,4,L_up-R_up,-52.533,164.556,130.72,87.931
12.0,22.0,1,3,2,2,4,L_up-R_up,-56.59,161.105,127.788,93.28
13.0,22.0,1,3,2,2,4,L_up-R_up,-58.768,157.501,124.943,98.402
14.0,22.0,1,3,2,2,4,L_up-R_up,-59.795,153.795,122.165,103.33
15.0,22.0,1,3,2,2,4,L_up-R_up,-60.073,150.01,119.434,108.093
16.0,22.0,1,3,2,2,4,L_up-R_up,-59.837,146.156,116.732,112.713
17.0,22.0,1,3,2,2,4,L_up-R_up,-59.23,142.237,114.044,117.208
18.0,22.0,1,3,2,2,4,L_up-R_up,-58.343,138.255,111.35,121.593
19.0,22.0,1,3,2,2,4,L_up-R_up,-57.236,134.205,108.632,125.882
20.0,22.0,1,3,2,2,4,L_up-R_up,-55.951,130.082,105.869,130.082
21.0,22.0,1,3,2,2,4,L_up-R_up,-54.514,125.882,103.032,134.205
22.0,22.0,1,3,2,2,4,L_up-R_up,-52.943,121.593,100.088,138.255
23.0,22.0,1,3,2,2,4,L_up-R_up,-51.252,117.208,96.993,142.237
24.0,22.0,1,3,2,2,4,L_up-R_up,-49.445,112.713,93.682,146.156
25.0,22.0,1,3,2,2,4,L_up-R_up,-47.527,108.093,90.064,150.01
26.0,22.0,1,3,2,2,4,L_up-R_up,-45.495,103.33,86.0,153.795
27.0,22.0,1,3,2,2,4,L_up-R_up,-43.345,98.402,81.266,157.501
28.0,22.0,1,3,2,2,4,L_up-R_up,-41.068,93.28,75.485,161.105
29.0,22.0,1,3,2,2,4,L_up-R_up,-38.651,87.931,67.977,164.556
30.0,22.0,1,3,2,2,4,L_up-R_up,-36.073,82.306,57.466,167.748
31.0,22.0,1,3,2,2,4,L_up-R_up,-33.307,76.343,41.65,170.44
32.0,22.0,1,3,2,2,4,L_up-R_up,-30.31,69.954,17.977,172.119
33.0,22.0,1,3,2,2,4,L_up-R_up,-27.019,63.007,-10.096,172.119
34.0,22.0,1,3,2,2,4,L_up-R_up,-23.328,55.289,-32.09,170.44
35.0,22.0,1,3,2,2,4,L_up-R_up,-19.047,46.414,-45.214,167.748
36.0,22.0,1,3,2,2,4,L_up-R_up,-13.747,35.522,-52.533,164.556
37.0,22.0,1,3,2,2,4,L_up-R_up,-5.86,19.477,-56.59,161.105
38.0,22.0,0,0,0,2,0,none,,,,
39.0,22.0,0,0,0,2,0,none,,,,
40.0,22.0,0,0,0,2,0,none,,,,
0.0,23.0,0,0,2,0,0,none,,,,
1.0,23.0,0,0,2,0,0,none,,,,
2.0,23.0,0,0,2,0,0,none,,,,
3.0,23.0,1,3,2,2,4,L_up-R_up,66.696,159.228,165.46,17.467
4.0,23.0,1,3,2,2,4,L_up-R_up,58.238,162.322,156.785,34.412
5.0,23.0,1,3,2,2,4,L_up-R_up,47.285,165.041,151.01,45.528
6.0,23.0,1,3,2,2,4,L_up-R_up,32.984,167.161,146.286,54.51
7.0,23.0,1,3,2,2,4,L_up-R_up,15.281,168.363,142.145,62.29
8.0,23.0,1,3,2,2,4,L_up-R_up,-3.644,168.363,138.382,69.275
9.0,23.0,1,3,2,2,4,L_up-R_up,-20.146,167.161,134.882,75.687
10.0,23.0,1,3,2,2,4,L_up-R_up,-32.326,165.041,131.574,81.663
11.0,23.0,1,3,2,2,4,L_up-R_up,-40.56,162.322,128.41,87.293
12.0,23.0,1,3,2,2,4,L_up-R_up,-45.924,159.228,125.353,92.643
13.0,23.0,1,3,2,2,4,L_up-R_up,-49.336,155.892,122.375,97.759
14.0,23.0,1,3,2,2,4,L_up-R_up,-51.419,152.389,119.451,102.676
15.0,23.0,1,3,2,2,4,L_up-R_up,-52.578,148.76,116.56,107.424
16.0,23.0,1,3,2,2,4,L_up-R_up,-53.075,145.029,113.683,112.024
17.0,23.0,1,3,2,2,4,L_up-R_up,-53.079,141.21,110.799,116.494
18.0,23.0,1,3,2,2,4,L_up-R_up,-52.708,137.307,107.886,120.849
19.0,23.0,1,3,2,2,4,L_up-R_up,-52.041,133.323,104.921,125.1
20.0,23.0,1,3,2,2,4,L_up-R_up,-51.132,129.255,101.877,129.255
21.0,23.0,1,3,2,2,4,L_up-R_up,-50.021,125.1,98.718,133.323
22.0,23.0,1,3,2,2,4,L_up-R_up,-48.735,120.849,95.401,137.307
23.0,23.0,1,3,2,2,4,L_up-R_up,-47.293,116.494,91.87,141.21
24.0,23.0,1,3,2,2,4,L_up-R_up,-45.707,112.024,88.045,145.029
25.0,23.0,1,3,2,2,4,L_up-R_up,-43.985,107.424,83.819,148.76
26.0,23.0,1,3,2,2,4,L_up-R_up,-42.127,102.676,79.031,152.389
27.0,23.0,1,3,2,2,4,L_up-R_up,-40.133,97.759,73.443,155.892
28.0,23.0,1,3,2,2,4,L_up-R_up,-37.996,92.643,66.696,159.228
29.0,23.0,1,3,2,2,4,L_up-R_up,-35.703,87.293,58.238,162.322
30.0,23.0,1,3,2,2,4,L_up-R_up,-33.237,81.663,47.285,165.041
31.0,23.0,1,3,2,2,4,L_up-R_up,-30.568,75.687,32.984,167.161
32.0,23.0,1,3,2,2,4,L_up-R_up,-27.656,69.275,15.281,168.363
33.0,23.0,1,3,2,2,4,L_up-R_up,-24.435,62.29,-3.644,168.363
34.0,23.0,1,3,2,2,4,L_up-R_up,-20.796,54.51,-20.146,167.161
35.0,23.0,1,3,2,2,4,L_up-R_up,-16.538,45.528,-32.326,165.041
36.0,23.0,1,3,2,2,4,L_up-R_up,-11.197,34.412,-40.56,162.322
37.0,23.0,1,3,2,2,4,L_up-R_up,-2.927,17.467,-45.924,159.228
38.0,23.0,0,0,0,2,0,none,,,,
39.0,23.0,0,0,0,2,0,none,,,,
40.0,23.0,0,0,0,2,0,none,,,,
0.0,24.0,0,0,2,0,0,none,,,,
1.0,24.0,0,0,2,0,0,none,,,,
2.0,24.0,0,0,2,0,0,none,,,,
3.0,24.0,1,3,2,2,4,L_up-R_up,59.944,156.845,165.178,14.2
4.0,24.0,1,3,2,2,4,L_up-R_up,51.391,159.59,155.61,32.801
5.0,24.0,1,3,2,2,4,L_up-R_up,41.052,161.907,149.591,44.266
6.0,24.0,1,3,2,2,4,L_up-R_up,28.743,163.626,144.712,53.408
7.0,24.0,1,3,2,2,4,L_up-R_up,14.847,164.556,140.446,61.278
8.0,24.0,1,3,2,2,4,L_up-R_up,0.597,164.556,136.568,68.319
9.0,24.0,1,3,2,2,4,L_up-R_up,-12.369,163.626,132.958,74.765
10.0,24.0,1,3,2,2,4,L_up-R_up,-22.959,161.907,129.539,80.761
11.0,24.0,1,3,2,2,4,L_up-R_up,-30.981,159.59,126.26,86.401
12.0,24.0,1,3,2,2,4,L_up-R_up,-36.789,156.845,123.084,91.751
13.0,24.0,1,3,2,2,4,L_up-R_up,-40.87,153.795,119.978,96.86
14.0,24.0,1,3,2,2,4,L_up-R_up,-43.654,150.523,116.917,101.764
15.0,24.0,1,3,2,2,4,L_up-R_up,-45.468,147.082,113.879,106.492
16.0,24.0,1,3,2,2,4,L_up-R_up,-46.55,143.503,110.84,111.066
17.0,24.0,1,3,2,2,4,L_up-R_up,-47.07,139.808,107.778,115.503
18.0,24.0,1,3,2,2,4,L_up-R_up,-47.15,136.009,104.67,119.816
19.0,24.0,1,3,2,2,4,L_up-R_up,-46.876,132.11,101.487,124.017
20.0,24.0,1,3,2,2,4,L_up-R_up,-46.312,128.114,98.199,128.114
21.0,24.0,1,3,2,2,4,L_up-R_up,-45.504,124.017,94.766,132.11
22.0,24.0,1,3,2,2,4,L_up-R_up,-44.486,119.816,91.141,136.009
23.0,24.0,1,3,2,2,4,L_up-R_up,-43.281,115.503,87.262,139.808
24.0,24.0,1,3,2,2,4,L_up-R_up,-41.906,111.066,83.047,143.503
25.0,24.0,1,3,2,2,4,L_up-R_up,-40.371,106.492,78.387,147.082
26.0,24.0,1,3,2,2,4,L_up-R_up,-38.682,101.764,73.131,150.523
27.0,24.0,1,3,2,2,4,L_up-R_up,-36.838,96.86,67.075,153.795
28.0,24.0,1,3,2,2,4,L_up-R_up,-34.835,91.751,59.944,156.845
29.0,24.0,1,3,2,2,4,L_up-R_up,-32.661,86.401,51.391,159.59
30.0,24.0,1,3,2,2,4,L_up-R_up,-30.3,80.761,41.052,161.907
31.0,24.0,1,3,2,2,4,L_up-R_up,-27.723,74.765,28.743,163.626
32.0,24.0,1,3,2,2,4,L_up-R_up,-24.887,68.319,14.847,164.556
33.0,24.0,1,3,2,2,4,L_up-R_up,-21.724,61.278,0.597,164.556
34.0,24.0,1,3,2,2,4,L_up-R_up,-18.12,53.408,-12.369,163.626
35.0,24.0,1,3,2,2,4,L_up-R_up,-13.857,44.266,-22.959,161.907
36.0,24.0,1,3,2,2,4,L_up-R_up,-8.411,32.801,-30.981,159.59
37.0,24.0,1,3,2,2,4,L_up-R_up,0.622,14.2,-36.789,156.845
38.0,24.0,0,0,0,2,0,none,,,,
39.0,24.0,0,0,0,2,0,none,,,,
40.0,24.0,0,0,0,2,0,none,,,,
0.0,25.0,0,0,2,0,0,none,,,,
1.0,25.0,0,0,2,0,0,none,,,,
2.0,25.0,0,0,2,0,0,none,,,,
3.0,25.0,1,3,2,2,4,L_up-R_up,54.945,154.085,166.214,8.332
4.0,25.0,1,3,2,2,4,L_up-R_up,46.73,156.523,154.739,30.621
5.0,25.0,1,3,2,2,4,L_up-R_up,37.304,158.522,148.396,42.599
6.0,25.0,1,3,2,2,4,L_up-R_up,26.72,159.958,143.331,51.967
7.0,25.0,1,3,2,2,4,L_up-R_up,15.353,160.715,138.925,59.963
8.0,25.0,1,3,2,2,4,L_up-R_up,3.932,160.715,134.925,67.08
9.0,25.0,1,3,2,2,4,L_up-R_up,-6.678,159.958,131.202,73.574
10.0,25.0,1,3,2,2,4,L_up-R_up,-15.826,158.522,127.672,79.598
11.0,25.0,1,3,2,2,4,L_up-R_up,-23.254,156.523,124.282,85.252
12.0,25.0,1,3,2,2,4,L_up-R_up,-29.03,154.085,120.991,90.605
13.0,25.0,1,3,2,2,4,L_up-R_up,-33.381,151.309,117.765,95.707
14.0,25.0,1,3,2,2,4,L_up-R_up,-36.567,148.272,114.578,100.596
15.0,25.0,1,3,2,2,4,L_up-R_up,-38.825,145.029,111.404,105.301
16.0,25.0,1,3,2,2,4,L_up-R_up,-40.343,141.618,108.22,109.843
17.0,25.0,1,3,2,2,4,L_up-R_up,-41.273,138.064,105.001,114.24
18.0,25.0,1,3,2,2,4,L_up-R_up,-41.728,134.382,101.722,118.504
19.0,25.0,1,3,2,2,4,L_up-R_up,-41.793,130.584,98.354,122.646
20.0,25.0,1,3,2,2,4,L_up-R_up,-41.534,126.671,94.863,126.671
21.0,25.0,1,3,2,2,4,L_up-R_up,-41.0,122.646,91.21,130.584
22.0,25.0,1,3,2,2,4,L_up-R_up,-40.226,118.504,87.345,134.382
23.0,25.0,1,3,2,2,4,L_up-R_up,-39.241,114.24,83.21,138.064
24.0,25.0,1,3,2,2,4,L_up-R_up,-38.063,109.843,78.725,141.618
25.0,25.0,1,3,2,2,4,L_up-R_up,-36.705,105.301,73.795,145.029
26.0,25.0,1,3,2,2,4,L_up-R_up,-35.174,100.596,68.295,148.272
27.0,25.0,1,3,2,2,4,L_up-R_up,-33.472,95.707,62.072,151.309
28.0,25.0,1,3,2,2,4,L_up-R_up,-31.595,90.605,54.945,154.085
29.0,25.0,1,3,2,2,4,L_up-R_up,-29.534,85.252,46.73,156.523
30.0,25.0,1,3,2,2,4,L_up-R_up,-27.27,79.598,37.304,158.522
31.0,25.0,1,3,2,2,4,L_up-R_up,-24.775,73.574,26.72,159.958
32.0,25.0,1,3,2,2,4,L_up-R_up,-22.005,67.08,15.353,160.715
33.0,25.0,1,3,2,2,4,L_up-R_up,-18.888,59.963,3.932,160.715
34.0,25.0,1,3,2,2,4,L_up-R_up,-15.299,51.967,-6.678,159.958
35.0,25.0,1,3,2,2,4,L_up-R_up,-10.995,42.599,-15.826,158.522
36.0,25.0,1,3,2,2,4,L_up-R_up,-5.36,30.621,-23.254,156.523
37.0,25.0,1,3,2,2,4,L_up-R_up,5.454,8.332,-29.03,154.085
38.0,25.0,0,0,0,2,0,none,,,,
39.0,25.0,0,0,0,2,0,none,,,,
40.0,25.0,0,0,0,2,0,none,,,,
0.0,26.0,0,0,2,0,0,none,,,,
1.0,26.0,0,0,2,0,0,none,,,,
2.0,26.0,0,0,2,0,0,none,,,,
3.0,26.0,0,0,2,0,0,none,,,,
4.0,26.0,1,3,2,2,4,L_up-R_up,43.644,153.224,154.237,27.748
5.0,26.0,1,3,2,2,4,L_up-R_up,35.133,154.973,147.449,40.487
6.0,26.0,1,3,2,2,4,L_up-R_up,25.933,156.206,142.159,50.167
7.0,26.0,1,3,2,2,4,L_up-R_up,16.341,156.845,137.594,58.332
8.0,26.0,1,3,2,2,4,L_up-R_up,6.814,156.845,133.464,65.551
9.0,26.0,1,3,2,2,4,L_up-R_up,-2.139,156.206,129.623,72.108
10.0,26.0,1,3,2,2,4,L_up-R_up,-10.107,154.973,125.983,78.171
11.0,26.0,1,3,2,2,4,L_up-R_up,-16.869,153.224,122.485,83.845
12.0,26.0,1,3,2,2,4,L_up-R_up,-22.392,151.045,119.084,89.204
13.0,26.0,1,3,2,2,4,L_up-R_up,-26.768,148.515,115.747,94.301
14.0,26.0,1,3,2,2,4,L_up-R_up,-30.141,145.701,112.444,99.175
15.0,26.0,1,3,2,2,4,L_up-R_up,-32.668,142.655,109.148,103.854
16.0,26.0,1,3,2,2,4,L_up-R_up,-34.49,139.415,105.836,108.361
17.0,26.0,1,3,2,2,4,L_up-R_up,-35.729,136.009,102.482,112.713
18.0,26.0,1,3,2,2,4,L_up-R_up,-36.482,132.454,99.06,116.922
19.0,26.0,1,3,2,2,4,L_up-R_up,-36.829,128.764,95.539,120.997
20.0,26.0,1,3,2,2,4,L_up-R_up,-36.831,124.944,91.887,124.944
21.0,26.0,1,3,2,2,4,L_up-R_up,-36.536,120.997,88.065,128.764
22.0,26.0,1,3,2,2,4,L_up-R_up,-35.982,116.922,84.028,132.454
23.0,26.0,1,3,2,2,4,L_up-R_up,-35.195,112.713,79.72,136.009
24.0,26.0,1,3,2,2,4,L_up-R_up,-34.197,108.361,75.075,139.415
25.0,26.0,1,3,2,2,4,L_up-R_up,-33.002,103.854,70.013,142.655
26.0,26.0,1,3,2,2,4,L_up-R_up,-31.618,99.175,64.44,145.701
27.0,26.0,1,3,2,2,4,L_up-R_up,-30.048,94.301,58.253,148.515
28.0,26.0,1,3,2,2,4,L_up-R_up,-28.288,89.204,51.347,151.045
29.0,26.0,1,3,2,2,4,L_up-R_up,-26.33,83.845,43.644,153.224
30.0,26.0,1,3,2,2,4,L_up-R_up,-24.154,78.171,35.133,154.973
31.0,26.0,1,3,2,2,4,L_up-R_up,-21.731,72.108,25.933,156.206
32.0,26.0,1,3,2,2,4,L_up-R_up,-19.015,65.551,16.341,156.845
33.0,26.0,1,3,2,2,4,L_up-R_up,-15.925,58.332,6.814,156.845
34.0,26.0,1,3,2,2,4,L_up-R_up,-12.326,50.167,-2.139,156.206
35.0,26.0,1,3,2,2,4,L_up-R_up,-7.935,40.487,-10.107,154.973
36.0,26.0,1,3,2,2,4,L_up-R_up,-1.986,27.748,-16.869,153.224
37.0,26.0,0,0,0,2,0,none,,,,
38.0,26.0,0,0,0,2,0,none,,,,
39.0,26.0,0,0,0,2,0,none,,,,
40.0,26.0,0,0,0,2,0,none,,,,
0.0,27.0,0,0,2,0,0,none,,,,
1.0,27.0,0,0,2,0,0,none,,,,
2.0,27.0,0,0,2,0,0,none,,,,
3.0,27.0,0,0,2,0,0,none,,,,
4.0,27.0,1,3,2,2,4,L_up-R_up,41.687,149.756,154.225,23.952
5.0,27.0,1,3,2,2,4,L_up-R_up,33.999,151.309,146.786,37.866
6.0,27.0,1,3,2,2,4,L_up-R_up,25.9,152.389,141.215,47.976
7.0,27.0,1,3,2,2,4,L_up-R_up,17.614,152.943,136.467,56.366
8.0,27.0,1,3,2,2,4,L_up-R_up,9.443,152.943,132.195,63.719
9.0,27.0,1,3,2,2,4,L_up-R_up,1.711,152.389,128.233,70.36
10.0,27.0,1,3,2,2,4,L_up-R_up,-5.308,151.309,124.482,76.474
11.0,27.0,1,3,2,2,4,L_up-R_up,-11.443,149.756,120.877,82.177
12.0,27.0,1,3,2,2,4,L_up-R_up,-16.631,147.791,117.373,87.548
13.0,27.0,1,3,2,2,4,L_up-R_up,-20.895,145.476,113.932,92.643
14.0,27.0,1,3,2,2,4,L_up-R_up,-24.312,142.866,110.524,97.502
15.0,27.0,1,3,2,2,4,L_up-R_up,-26.978,140.006,107.121,102.155
16.0,27.0,1,3,2,2,4,L_up-R_up,-28.994,136.933,103.699,106.625
17.0,27.0,1,3,2,2,4,L_up-R_up,-30.453,133.674,100.231,110.93
18.0,27.0,1,3,2,2,4,L_up-R_up,-31.434,130.249,96.69,115.08
19.0,27.0,1,3,2,2,4,L_up-R_up,-32.007,126.671,93.05,119.085
20.0,27.0,1,3,2,2,4,L_up-R_up,-32.226,122.949,89.277,122.949
21.0,27.0,1,3,2,2,4,L_up-R_up,-32.135,119.085,85.336,126.671
22.0,27.0,1,3,2,2,4,L_up-R_up,-31.771,115.08,81.185,130.249
23.0,27.0,1,3,2,2,4,L_up-R_up,-31.16,110.93,76.779,133.674
24.0,27.0,1,3,2,2,4,L_up-R_up,-30.324,106.625,72.061,136.933
25.0,27.0,1,3,2,2,4,L_up-R_up,-29.276,102.155,66.972,140.006
26.0,27.0,1,3,2,2,4,L_up-R_up,-28.025,97.502,61.446,142.866
27.0,27.0,1,3,2,2,4,L_up-R_up,-26.575,92.643,55.419,145.476
28.0,27.0,1,3,2,2,4,L_up-R_up,-24.921,87.548,48.84,147.791
29.0,27.0,1,3,2,2,4,L_up-R_up,-23.054,82.177,41.687,149.756
30.0,27.0,1,3,2,2,4,L_up-R_up,-20.955,76.474,33.999,151.309
31.0,27.0,1,3,2,2,4,L_up-R_up,-18.593,70.36,25.9,152.389
32.0,27.0,1,3,2,2,4,L_up-R_up,-15.914,63.719,17.614,152.943
33.0,27.0,1,3,2,2,4,L_up-R_up,-12.833,56.366,9.443,152.943
34.0,27.0,1,3,2,2,4,L_up-R_up,-9.191,47.976,1.711,152.389
35.0,27.0,1,3,2,2,4,L_up-R_up,-4.652,37.866,-5.308,151.309
36.0,27.0,1,3,2,2,4,L_up-R_up,1.824,23.952,-11.443,149.756
37.0,27.0,0,0,0,2,0,none,,,,
38.0,27.0,0,0,0,2,0,none,,,,
39.0,27.0,0,0,0,2,0,none,,,,
40.0,27.0,0,0,0,2,0,none,,,,
0.0,28.0,0,0,2,0,0,none,,,,
1.0,28.0,0,0,2,0,0,none,,,,
2.0,28.0,0,0,2,0,0,none,,,,
3.0,28.0,0,0,2,0,0,none,,,,
4.0,28.0,1,3,2,2,4,L_up-R_up,40.551,146.156,154.972,18.698
5.0,28.0,1,3,2,2,4,L_up-R_up,33.577,147.553,146.462,34.636
6.0,28.0,1,3,2,2,4,L_up-R_up,26.362,148.515,140.527,45.35
7.0,28.0,1,3,2,2,4,L_up-R_up,19.073,149.006,135.562,54.04
8.0,28.0,1,3,2,2,4,L_up-R_up,11.921,149.006,131.132,61.568
9.0,28.0,1,3,2,2,4,L_up-R_up,5.123,148.515,127.041,68.319
10.0,28.0,1,3,2,2,4,L_up-R_up,-1.131,147.553,123.176,74.501
11.0,28.0,1,3,2,2,4,L_up-R_up,-6.707,146.156,119.468,80.244
12.0,28.0,1,3,2,2,4,L_up-R_up,-11.542,144.368,115.865,85.635
13.0,28.0,1,3,2,2,4,L_up-R_up,-15.627,142.237,112.328,90.732
14.0,28.0,1,3,2,2,4,L_up-R_up,-18.998,139.808,108.825,95.579
15.0,28.0,1,3,2,2,4,L_up-R_up,-21.712,137.12,105.329,100.208
16.0,28.0,1,3,2,2,4,L_up-R_up,-23.838,134.205,101.813,104.642
17.0,28.0,1,3,2,2,4,L_up-R_up,-25.443,131.088,98.251,108.898
18.0,28.0,1,3,2,2,4,L_up-R_up,-26.591,127.791,94.619,112.989
19.0,28.0,1,3,2,2,4,L_up-R_up,-27.338,124.325,90.888,116.922
20.0,28.0,1,3,2,2,4,L_up-R_up,-27.731,120.701,87.03,120.701
21.0,28.0,1,3,2,2,4,L_up-R_up,-27.81,116.922,83.013,124.325
22.0,28.0,1,3,2,2,4,L_up-R_up,-27.608,112.989,78.801,127.791
23.0,28.0,1,3,2,2,4,L_up-R_up,-27.15,108.898,74.355,131.088
24.0,28.0,1,3,2,2,4,L_up-R_up,-26.455,104.642,69.633,134.205
25.0,28.0,1,3,2,2,4,L_up-R_up,-25.537,100.208,64.593,137.12
26.0,28.0,1,3,2,2,4,L_up-R_up,-24.404,95.579,59.19,139.808
27.0,28.0,1,3,2,2,4,L_up-R_up,-23.06,90.732,53.39,142.237
28.0,28.0,1,3,2,2,4,L_up-R_up,-21.5,85.635,47.174,144.368
29.0,28.0,1,3,2,2,4,L_up-R_up,-19.712,80.244,40.551,146.156
30.0,28.0,1,3,2,2,4,L_up-R_up,-17.677,74.501,33.577,147.553
31.0,28.0,1,3,2,2,4,L_up-R_up,-15.359,68.319,26.362,148.515
32.0,28.0,1,3,2,2,4,L_up-R_up,-12.701,61.568,19.073,149.006
33.0,28.0,1,3,2,2,4,L_up-R_up,-9.602,54.04,11.921,149.006
34.0,28.0,1,3,2,2,4,L_up-R_up,-5.876,45.35,5.123,148.515
35.0,28.0,1,3,2,2,4,L_up-R_up,-1.098,34.636,-1.131,147.553
36.0,28.0,1,3,2,2,4,L_up-R_up,6.331,18.698,-6.707,146.156
37.0,28.0,0,0,0,2,0,none,,,,
38.0,28.0,0,0,0,2,0,none,,,,
39.0,28.0,0,0,0,2,0,none,,,,
40.0,28.0,0,0,0,2,0,none,,,,
0.0,29.0,0,0,2,0,0,none,,,,
1.0,29.0,0,0,2,0,0,none,,,,
2.0,29.0,0,0,2,0,0,none,,,,
3.0,29.0,0,0,2,0,0,none,,,,
4.0,29.0,1,3,2,2,4,L_up-R_up,40.028,142.446,157.506,9.936
5.0,29.0,1,3,2,2,4,L_up-R_up,33.665,143.718,146.568,30.621
6.0,29.0,1,3,2,2,4,L_up-R_up,27.169,144.587,140.131,42.221
7.0,29.0,1,3,2,2,4,L_up-R_up,20.665,145.029,134.901,51.318
8.0,29.0,1,3,2,2,4,L_up-R_up,14.306,145.029,130.291,59.077
9.0,29.0,1,3,2,2,4,L_up-R_up,8.244,144.587,126.059,65.97
10.0,29.0,1,3,2,2,4,L_up-R_up,2.617,143.718,122.078,72.242
11.0,29.0,1,3,2,2,4,L_up-R_up,-2.473,142.446,118.265,78.04
12.0,29.0,1,3,2,2,4,L_up-R_up,-6.968,140.805,114.567,83.46
13.0,29.0,1,3,2,2,4,L_up-R_up,-10.845,138.832,110.941,88.567
14.0,29.0,1,3,2,2,4,L_up-R_up,-14.118,136.561,107.354,93.408
15.0,29.0,1,3,2,2,4,L_up-R_up,-16.819,134.027,103.776,98.016
16.0,29.0,1,3,2,2,4,L_up-R_up,-18.992,131.258,100.182,102.416
17.0,29.0,1,3,2,2,4,L_up-R_up,-20.686,128.276,96.546,106.625
18.0,29.0,1,3,2,2,4,L_up-R_up,-21.949,125.1,92.844,110.657
19.0,29.0,1,3,2,2,4,L_up-R_up,-22.824,121.743,89.05,114.519
20.0,29.0,1,3,2,2,4,L_up-R_up,-23.353,118.215,85.139,118.215
21.0,29.0,1,3,2,2,4,L_up-R_up,-23.57,114.519,81.081,121.743
22.0,29.0,1,3,2,2,4,L_up-R_up,-23.501,110.657,76.849,125.1
23.0,29.0,1,3,2,2,4,L_up-R_up,-23.171,106.625,72.41,128.276
24.0,29.0,1,3,2,2,4,L_up-R_up,-22.597,102.416,67.735,131.258
25.0,29.0,1,3,2,2,4,L_up-R_up,-21.792,98.016,62.792,134.027
26.0,29.0,1,3,2,2,4,L_up-R_up,-20.762,93.408,57.557,136.561
27.0,29.0,1,3,2,2,4,L_up-R_up,-19.509,88.567,52.014,138.832
28.0,29.0,1,3,2,2,4,L_up-R_up,-18.028,83.46,46.163,140.805
29.0,29.0,1,3,2,2,4,L_up-R_up,-16.306,78.04,40.028,142.446
30.0,29.0,1,3,2,2,4,L_up-R_up,-14.32,72.242,33.665,143.718
31.0,29.0,1,3,2,2,4,L_up-R_up,-12.029,65.97,27.169,144.587
32.0,29.0,1,3,2,2,4,L_up-R_up,-9.368,59.077,20.665,145.029
33.0,29.0,1,3,2,2,4,L_up-R_up,-6.219,51.318,14.306,145.029
34.0,29.0,1,3,2,2,4,L_up-R_up,-2.352,42.221,8.244,144.587
35.0,29.0,1,3,2,2,4,L_up-R_up,2.811,30.621,2.617,143.718
36.0,29.0,1,3,2,2,4,L_up-R_up,12.557,9.936,-2.473,142.446
37.0,29.0,0,0,0,2,0,none,,,,
38.0,29.0,0,0,0,2,0,none,,,,
39.0,29.0,0,0,0,2,0,none,,,,
40.0,29.0,0,0,0,2,0,none,,,,
0.0,30.0,0,0,2,0,0,none,,,,
1.0,30.0,0,0,2,0,0,none,,,,
2.0,30.0,0,0,2,0,0,none,,,,
3.0,30.0,0,0,2,0,0,none,,,,
4.0,30.0,0,0,2,0,0,none,,,,
5.0,30.0,1,3,2,2,4,L_up-R_up,34.132,139.808,147.28,25.474
6.0,30.0,1,3,2,2,4,L_up-R_up,28.229,140.604,140.083,38.484
7.0,30.0,1,3,2,2,4,L_up-R_up,22.359,141.007,134.514,48.147
8.0,30.0,1,3,2,2,4,L_up-R_up,16.634,141.007,129.69,56.213
9.0,30.0,1,3,2,2,4,L_up-R_up,11.167,140.604,125.303,63.292
10.0,30.0,1,3,2,2,4,L_up-R_up,6.06,139.808,121.196,69.682
11.0,30.0,1,3,2,2,4,L_up-R_up,1.391,138.639,117.278,75.555
12.0,30.0,1,3,2,2,4,L_up-R_up,-2.788,137.12,113.487,81.019
13.0,30.0,1,3,2,2,4,L_up-R_up,-6.451,135.28,109.778,86.146
14.0,30.0,1,3,2,2,4,L_up-R_up,-9.598,133.148,106.114,90.987
15.0,30.0,1,3,2,2,4,L_up-R_up,-12.246,130.751,102.466,95.579
16.0,30.0,1,3,2,2,4,L_up-R_up,-14.421,128.114,98.807,99.949
17.0,30.0,1,3,2,2,4,L_up-R_up,-16.159,125.255,95.113,104.116
18.0,30.0,1,3,2,2,4,L_up-R_up,-17.494,122.193,91.361,108.093
19.0,30.0,1,3,2,2,4,L_up-R_up,-18.461,118.94,87.528,111.887
20.0,30.0,1,3,2,2,4,L_up-R_up,-19.092,115.503,83.589,115.503
21.0,30.0,1,3,2,2,4,L_up-R_up,-19.415,111.887,79.521,118.94
22.0,30.0,1,3,2,2,4,L_up-R_up,-19.454,108.093,75.301,122.193
23.0,30.0,1,3,2,2,4,L_up-R_up,-19.23,104.116,70.903,125.255
24.0,30.0,1,3,2,2,4,L_up-R_up,-18.756,99.949,66.308,128.114
25.0,30.0,1,3,2,2,4,L_up-R_up,-18.045,95.579,61.494,130.751
26.0,30.0,1,3,2,2,4,L_up-R_up,-17.1,90.987,56.45,133.148
27.0,30.0,1,3,2,2,4,L_up-R_up,-15.923,86.146,51.171,135.28
28.0,30.0,1,3,2,2,4,L_up-R_up,-14.506,81.019,45.668,137.12
29.0,30.0,1,3,2,2,4,L_up-R_up,-12.834,75.555,39.971,138.639
30.0,30.0,1,3,2,2,4,L_up-R_up,-10.879,69.682,34.132,139.808
31.0,30.0,1,3,2,2,4,L_up-R_up,-8.595,63.292,28.229,140.604
32.0,30.0,1,3,2,2,4,L_up-R_up,-5.903,56.213,22.359,141.007
33.0,30.0,1,3,2,2,4,L_up-R_up,-2.661,48.147,16.634,141.007
34.0,30.0,1,3,2,2,4,L_up-R_up,1.432,38.484,11.167,140.604
35.0,30.0,1,3,2,2,4,L_up-R_up,7.246,25.474,6.06,139.808
36.0,30.0,0,0,0,2,0,none,,,,
37.0,30.0,0,0,0,2,0,none,,,,
38.0,30.0,0,0,0,2,0,none,,,,
39.0,30.0,0,0,0,2,0,none,,,,
40.0,30.0,0,0,0,2,0,none,,,,
0.0,31.0,0,0,2,0,0,none,,,,
1.0,31.0,0,0,2,0,0,none,,,,
2.0,31.0,0,0,2,0,0,none,,,,
3.0,31.0,0,0,2,0,0,none,,,,
4.0,31.0,0,0,2,0,0,none,,,,
5.0,31.0,1,3,2,2,4,L_up-R_up,34.891,135.826,149.05,18.297
6.0,31.0,1,3,2,2,4,L_up-R_up,29.484,136.561,140.478,33.958
7.0,31.0,1,3,2,2,4,L_up-R_up,24.136,136.933,134.442,44.448
8.0,31.0,1,3,2,2,4,L_up-R_up,18.931,136.933,129.355,52.931
9.0,31.0,1,3,2,2,4,L_up-R_up,13.954,136.561,124.788,60.257
10.0,31.0,1,3,2,2,4,L_up-R_up,9.283,135.826,120.545,66.803
11.0,31.0,1,3,2,2,4,L_up-R_up,4.98,134.74,116.517,72.776
12.0,31.0,1,3,2,2,4,L_up-R_up,1.089,133.323,112.632,78.301
13.0,31.0,1,3,2,2,4,L_up-R_up,-2.364,131.597,108.842,83.46
14.0,31.0,1,3,2,2,4,L_up-R_up,-5.372,129.585,105.108,88.313
15.0,31.0,1,3,2,2,4,L_up-R_up,-7.941,127.309,101.399,92.898
16.0,31.0,1,3,2,2,4,L_up-R_up,-10.089,124.789,97.687,97.245
17.0,31.0,1,3,2,2,4,L_up-R_up,-11.837,122.043,93.95,101.375
18.0,31.0,1,3,2,2,4,L_up-R_up,-13.21,119.085,90.165,105.301
19.0,31.0,1,3,2,2,4,L_up-R_up,-14.236,115.927,86.31,109.033
20.0,31.0,1,3,2,2,4,L_up-R_up,-14.94,112.575,82.365,112.575
21.0,31.0,1,3,2,2,4,L_up-R_up,-15.343,109.033,78.31,115.927
22.0,31.0,1,3,2,2,4,L_up-R_up,-15.466,105.301,74.125,119.085
23.0,31.0,1,3,2,2,4,L_up-R_up,-15.325,101.375,69.794,122.043
24.0,31.0,1,3,2,2,4,L_up-R_up,-14.932,97.245,65.3,124.789
25.0,31.0,1,3,2,2,4,L_up-R_up,-14.297,92.898,60.632,127.309
26.0,31.0,1,3,2,2,4,L_up-R_up,-13.421,88.313,55.787,129.585
27.0,31.0,1,3,2,2,4,L_up-R_up,-12.303,83.46,50.766,131.597
28.0,31.0,1,3,2,2,4,L_up-R_up,-10.933,78.301,45.587,133.323
29.0,31.0,1,3,2,2,4,L_up-R_up,-9.292,72.776,40.28,134.74
30.0,31.0,1,3,2,2,4,L_up-R_up,-7.348,66.803,34.891,135.826
31.0,31.0,1,3,2,2,4,L_up-R_up,-5.045,60.257,29.484,136.561
32.0,31.0,1,3,2,2,4,L_up-R_up,-2.286,52.931,24.136,136.933
33.0,31.0,1,3,2,2,4,L_up-R_up,1.11,44.448,18.931,136.933
34.0,31.0,1,3,2,2,4,L_up-R_up,5.564,33.958,13.954,136.561
35.0,31.0,1,3,2,2,4,L_up-R_up,12.653,18.297,9.283,135.826
36.0,31.0,0,0,0,2,0,none,,,,
37.0,31.0,0,0,0,2,0,none,,,,
38.0,31.0,0,0,0,2,0,none,,,,
39.0,31.0,0,0,0,2,0,none,,,,
40.0,31.0,0,0,0,2,0,none,,,,
0.0,32.0,0,0,2,0,0,none,,,,
1.0,32.0,0,0,2,0,0,none,,,,
2.0,32.0,0,0,2,0,0,none,,,,
3.0,32.0,0,0,2,0,0,none,,,,
4.0,32.0,0,0,2,0,0,none,,,,
5.0,32.0,0,0,2,0,0,none,,,,
6.0,32.0,1,3,2,2,4,L_up-R_up,30.898,132.454,141.492,28.291
7.0,32.0,1,3,2,2,4,L_up-R_up,25.986,132.8,134.752,40.093
8.0,32.0,1,3,2,2,4,L_up-R_up,21.214,132.8,129.322,49.165
9.0,32.0,1,3,2,2,4,L_up-R_up,16.648,132.454,124.538,56.823
10.0,32.0,1,3,2,2,4,L_up-R_up,12.348,131.768,120.139,63.577
11.0,32.0,1,3,2,2,4,L_up-R_up,8.364,130.751,115.991,69.682
12.0,32.0,1,3,2,2,4,L_up-R_up,4.734,129.42,112.011,75.292
13.0,32.0,1,3,2,2,4,L_up-R_up,1.481,127.791,108.141,80.503
14.0,32.0,1,3,2,2,4,L_up-R_up,-1.384,125.882,104.341,85.38
15.0,32.0,1,3,2,2,4,L_up-R_up,-3.861,123.711,100.577,89.968
16.0,32.0,1,3,2,2,4,L_up-R_up,-5.959,121.295,96.822,94.301
17.0,32.0,1,3,2,2,4,L_up-R_up,-7.692,118.649,93.052,98.402
18.0,32.0,1,3,2,2,4,L_up-R_up,-9.079,115.785,89.247,102.285
19.0,32.0,1,3,2,2,4,L_up-R_up,-10.137,112.713,85.385,105.962
20.0,32.0,1,3,2,2,4,L_up-R_up,-10.888,109.437,81.45,109.437
21.0,32.0,1,3,2,2,4,L_up-R_up,-11.347,105.962,77.425,112.713
22.0,32.0,1,3,2,2,4,L_up-R_up,-11.532,102.285,73.293,115.785
23.0,32.0,1,3,2,2,4,L_up-R_up,-11.454,98.402,69.043,118.649
24.0,32.0,1,3,2,2,4,L_up-R_up,-11.123,94.301,64.664,121.295
25.0,32.0,1,3,2,2,4,L_up-R_up,-10.545,89.968,60.15,123.711
26.0,32.0,1,3,2,2,4,L_up-R_up,-9.72,85.38,55.502,125.882
27.0,32.0,1,3,2,2,4,L_up-R_up,-8.644,80.503,50.728,127.791
28.0,32.0,1,3,2,2,4,L_up-R_up,-7.303,75.292,45.846,129.42
29.0,32.0,1,3,2,2,4,L_up-R_up,-5.674,69.682,40.885,130.751
30.0,32.0,1,3,2,2,4,L_up-R_up,-3.716,63.577,35.884,131.768
31.0,32.0,1,3,2,2,4,L_up-R_up,-1.361,56.823,30.898,132.454
32.0,32.0,1,3,2,2,4,L_up-R_up,1.513,49.165,25.986,132.8
33.0,32.0,1,3,2,2,4,L_up-R_up,5.155,40.093,21.214,132.8
34.0,32.0,1,3,2,2,4,L_up-R_up,10.217,28.291,16.648,132.454
35.0,32.0,0,0,0,2,0,none,,,,
36.0,32.0,0,0,0,2,0,none,,,,
37.0,32.0,0,0,0,2,0,none,,,,
38.0,32.0,0,0,0,2,0,none,,,,
39.0,32.0,0,0,0,2,0,none,,,,
40.0,32.0,0,0,0,2,0,none,,,,
0.0,33.0,0,0,2,0,0,none,,,,
1.0,33.0,0,0,2,0,0,none,,,,
2.0,33.0,0,0,2,0,0,none,,,,
3.0,33.0,0,0,2,0,0,none,,,,
4.0,33.0,0,0,2,0,0,none,,,,
5.0,33.0,0,0,2,0,0,none,,,,
6.0,33.0,1,3,2,2,4,L_up-R_up,32.444,128.276,143.573,20.592
7.0,33.0,1,3,2,2,4,L_up-R_up,27.902,128.601,135.558,34.86
8.0,33.0,1,3,2,2,4,L_up-R_up,23.497,128.601,129.644,44.81
9.0,33.0,1,3,2,2,4,L_up-R_up,19.28,128.276,124.584,52.931
10.0,33.0,1,3,2,2,4,L_up-R_up,15.3,127.63,120.0,59.963
11.0,33.0,1,3,2,2,4,L_up-R_up,11.596,126.671,115.717,66.248
12.0,33.0,1,3,2,2,4,L_up-R_up,8.201,125.411,111.632,71.974
13.0,33.0,1,3,2,2,4,L_up-R_up,5.136,123.864,107.681,77.258
14.0,33.0,1,3,2,2,4,L_up-R_up,2.413,122.043,103.816,82.177
15.0,33.0,1,3,2,2,4,L_up-R_up,0.037,119.963,100.001,86.783
16.0,33.0,1,3,2,2,4,L_up-R_up,-1.998,117.638,96.209,91.114
17.0,33.0,1,3,2,2,4,L_up-R_up,-3.698,115.08,92.415,95.196
18.0,33.0,1,3,2,2,4,L_up-R_up,-5.077,112.299,88.599,99.046
19.0,33.0,1,3,2,2,4,L_up-R_up,-6.148,109.302,84.743,102.676
20.0,33.0,1,3,2,2,4,L_up-R_up,-6.924,106.094,80.829,106.094
21.0,33.0,1,3,2,2,4,L_up-R_up,-7.419,102.676,76.845,109.302
22.0,33.0,1,3,2,2,4,L_up-R_up,-7.645,99.046,72.778,112.299
23.0,33.0,1,3,2,2,4,L_up-R_up,-7.611,95.196,68.618,115.08
24.0,33.0,1,3,2,2,4,L_up-R_up,-7.323,91.114,64.359,117.638
25.0,33.0,1,3,2,2,4,L_up-R_up,-6.785,86.783,60.0,119.963
26.0,33.0,1,3,2,2,4,L_up-R_up,-5.993,82.177,55.544,122.043
27.0,33.0,1,3,2,2,4,L_up-R_up,-4.939,77.258,51.0,123.864
28.0,33.0,1,3,2,2,4,L_up-R_up,-3.606,71.974,46.388,125.411
29.0,33.0,1,3,2,2,4,L_up-R_up,-1.965,66.248,41.733,126.671
30.0,33.0,1,3,2,2,4,L_up-R_up,0.037,59.963,37.071,127.63
31.0,33.0,1,3,2,2,4,L_up-R_up,2.486,52.931,32.444,128.276
32.0,33.0,1,3,2,2,4,L_up-R_up,5.546,44.81,27.902,128.601
33.0,33.0,1,3,2,2,4,L_up-R_up,9.583,34.86,23.497,128.601
34.0,33.0,1,3,2,2,4,L_up-R_up,15.835,20.592,19.28,128.276
35.0,33.0,0,0,0,2,0,none,,,,
36.0,33.0,0,0,0,2,0,none,,,,
37.0,33.0,0,0,0,2,0,none,,,,
38.0,33.0,0,0,0,2,0,none,,,,
39.0,33.0,0,0,0,2,0,none,,,,
40.0,33.0,0,0,0,2,0,none,,,,
0.0,34.0,0,0,2,0,0,none,,,,
1.0,34.0,0,0,2,0,0,none,,,,
2.0,34.0,0,0,2,0,0,none,,,,
3.0,34.0,0,0,2,0,0,none,,,,
4.0,34.0,0,0,2,0,0,none,,,,
5.0,34.0,0,0,2,0,0,none,,,,
6.0,34.0,1,3,2,2,4,L_up-R_up,34.107,124.017,149.625,5.055
7.0,34.0,1,3,2,2,4,L_up-R_up,29.883,124.325,137.087,28.291
8.0,34.0,1,3,2,2,4,L_up-R_up,25.792,124.325,130.407,39.696
9.0,34.0,1,3,2,2,4,L_up-R_up,21.876,124.017,124.972,48.488
10.0,34.0,1,3,2,2,4,L_up-R_up,18.173,123.405,120.156,55.906
11.0,34.0,1,3,2,2,4,L_up-R_up,14.716,122.495,115.713,62.434
12.0,34.0,1,3,2,2,4,L_up-R_up,11.534,121.295,111.51,68.319
13.0,34.0,1,3,2,2,4,L_up-R_up,8.644,119.816,107.47,73.707
14.0,34.0,1,3,2,2,4,L_up-R_up,6.06,118.07,103.538,78.69
15.0,34.0,1,3,2,2,4,L_up-R_up,3.787,116.068,99.674,83.332
16.0,34.0,1,3,2,2,4,L_up-R_up,1.826,113.822,95.848,87.676
17.0,34.0,1,3,2,2,4,L_up-R_up,0.171,111.339,92.035,91.751
18.0,34.0,1,3,2,2,4,L_up-R_up,-1.185,108.629,88.215,95.579
19.0,34.0,1,3,2,2,4,L_up-R_up,-2.249,105.697,84.371,99.175
20.0,34.0,1,3,2,2,4,L_up-R_up,-3.033,102.546,80.487,102.546
21.0,34.0,1,3,2,2,4,L_up-R_up,-3.546,99.175,76.552,105.697
22.0,34.0,1,3,2,2,4,L_up-R_up,-3.795,95.579,72.555,108.629
23.0,34.0,1,3,2,2,4,L_up-R_up,-3.786,91.751,68.49,111.339
24.0,34.0,1,3,2,2,4,L_up-R_up,-3.524,87.676,64.353,113.822
25.0,34.0,1,3,2,2,4,L_up-R_up,-3.006,83.332,60.144,116.068
26.0,34.0,1,3,2,2,4,L_up-R_up,-2.228,78.69,55.87,118.07
27.0,34.0,1,3,2,2,4,L_up-R_up,-1.177,73.707,51.54,119.816
28.0,34.0,1,3,2,2,4,L_up-R_up,0.171,68.319,47.171,121.295
29.0,34.0,1,3,2,2,4,L_up-R_up,1.854,62.434,42.789,122.495
30.0,34.0,1,3,2,2,4,L_up-R_up,3.938,55.906,38.422,123.405
31.0,34.0,1,3,2,2,4,L_up-R_up,6.54,48.488,34.107,124.017
32.0,34.0,1,3,2,2,4,L_up-R_up,9.897,39.696,29.883,124.325
33.0,34.0,1,3,2,2,4,L_up-R_up,14.622,28.291,25.792,124.325
34.0,34.0,1,3,2,2,4,L_up-R_up,25.32,5.055,21.876,124.017
35.0,34.0,0,0,0,2,0,none,,,,
36.0,34.0,0,0,0,2,0,none,,,,
37.0,34.0,0,0,0,2,0,none,,,,
38.0,34.0,0,0,0,2,0,none,,,,
39.0,34.0,0,0,0,2,0,none,,,,
40.0,34.0,0,0,0,2,0,none,,,,
0.0,35.0,0,0,2,0,0,none,,,,
1.0,35.0,0,0,2,0,0,none,,,,
2.0,35.0,0,0,2,0,0,none,,,,
3.0,35.0,0,0,2,0,0,none,,,,
4.0,35.0,0,0,2,0,0,none,,,,
5.0,35.0,0,0,2,0,0,none,,,,
6.0,35.0,0,0,2,0,0,none,,,,
7.0,35.0,1,3,2,2,4,L_up-R_up,31.928,119.963,139.989,19.091
8.0,35.0,1,3,2,2,4,L_up-R_up,28.109,119.963,131.773,33.5
9.0,35.0,1,3,2,2,4,L_up-R_up,24.455,119.67,125.777,43.346
10.0,35.0,1,3,2,2,4,L_up-R_up,20.995,119.085,120.651,51.318
11.0,35.0,1,3,2,2,4,L_up-R_up,17.759,118.215,116.006,58.182
12.0,35.0,1,3,2,2,4,L_up-R_up,14.768,117.065,111.664,64.285
13.0,35.0,1,3,2,2,4,L_up-R_up,12.042,115.644,107.522,69.818
14.0,35.0,1,3,2,2,4,L_up-R_up,9.591,113.961,103.516,74.897
15.0,35.0,1,3,2,2,4,L_up-R_up,7.423,112.024,99.6,79.598
16.0,35.0,1,3,2,2,4,L_up-R_up,5.54,109.843,95.74,83.973
17.0,35.0,1,3,2,2,4,L_up-R_up,3.94,107.424,91.91,88.058
18.0,35.0,1,3,2,2,4,L_up-R_up,2.621,104.774,88.09,91.878
19.0,35.0,1,3,2,2,4,L_up-R_up,1.577,101.895,84.262,95.451
20.0,35.0,1,3,2,2,4,L_up-R_up,0.8,98.788,80.412,98.788
21.0,35.0,1,3,2,2,4,L_up-R_up,0.287,95.451,76.529,101.895
22.0,35.0,1,3,2,2,4,L_up-R_up,0.032,91.878,72.605,104.774
23.0,35.0,1,3,2,2,4,L_up-R_up,0.032,88.058,68.635,107.424
24.0,35.0,1,3,2,2,4,L_up-R_up,0.287,83.973,64.617,109.843
25.0,35.0,1,3,2,2,4,L_up-R_up,0.802,79.598,60.553,112.024
26.0,35.0,1,3,2,2,4,L_up-R_up,1.587,74.897,56.448,113.961
27.0,35.0,1,3,2,2,4,L_up-R_up,2.659,69.818,52.314,115.644
28.0,35.0,1,3,2,2,4,L_up-R_up,4.051,64.285,48.167,117.065
29.0,35.0,1,3,2,2,4,L_up-R_up,5.811,58.182,44.027,118.215
30.0,35.0,1,3,2,2,4,L_up-R_up,8.031,51.318,39.92,119.085
31.0,35.0,1,3,2,2,4,L_up-R_up,10.877,43.346,35.876,119.67
32.0,35.0,1,3,2,2,4,L_up-R_up,14.727,33.5,31.928,119.963
33.0,35.0,1,3,2,2,4,L_up-R_up,20.92,19.091,28.109,119.963
34.0,35.0,0,0,0,2,0,none,,,,
35.0,35.0,0,0,0,2,0,none,,,,
36.0,35.0,0,0,0,2,0,none,,,,
37.0,35.0,0,0,0,2,0,none,,,,
38.0,35.0,0,0,0,2,0,none,,,,
39.0,35.0,0,0,0,2,0,none,,,,
40.0,35.0,0,0,0,2,0,none,,,,
0.0,36.0,0,0,2,0,0,none,,,,
1.0,36.0,0,0,2,0,0,none,,,,
2.0,36.0,0,0,2,0,0,none,,,,
3.0,36.0,0,0,2,0,0,none,,,,
4.0,36.0,0,0,2,0,0,none,,,,
5.0,36.0,0,0,2,0,0,none,,,,
6.0,36.0,0,0,2,0,0,none,,,,
7.0,36.0,0,0,2,0,0,none,,,,
8.0,36.0,1,3,2,2,4,L_up-R_up,30.459,115.503,134.116,25.474
9.0,36.0,1,3,2,2,4,L_up-R_up,27.034,115.221,127.131,37.24
10.0,36.0,1,3,2,2,4,L_up-R_up,23.79,114.659,121.552,46.061
11.0,36.0,1,3,2,2,4,L_up-R_up,20.75,113.822,116.64,53.408
12.0,36.0,1,3,2,2,4,L_up-R_up,17.935,112.713,112.12,59.816
13.0,36.0,1,3,2,2,4,L_up-R_up,15.36,111.339,107.855,65.551
14.0,36.0,1,3,2,2,4,L_up-R_up,13.037,109.708,103.762,70.765
15.0,36.0,1,3,2,2,4,L_up-R_up,10.973,107.825,99.786,75.555
16.0,36.0,1,3,2,2,4,L_up-R_up,9.172,105.697,95.888,79.986
17.0,36.0,1,3,2,2,4,L_up-R_up,7.635,103.33,92.04,84.101
18.0,36.0,1,3,2,2,4,L_up-R_up,6.362,100.726,88.219,87.931
19.0,36.0,1,3,2,2,4,L_up-R_up,5.35,97.887,84.408,91.496
20.0,36.0,1,3,2,2,4,L_up-R_up,4.595,94.812,80.593,94.812
21.0,36.0,1,3,2,2,4,L_up-R_up,4.096,91.496,76.763,97.887
22.0,36.0,1,3,2,2,4,L_up-R_up,3.85,87.931,72.912,100.726
23.0,36.0,1,3,2,2,4,L_up-R_up,3.859,84.101,69.035,103.33
24.0,36.0,1,3,2,2,4,L_up-R_up,4.126,79.986,65.131,105.697
25.0,36.0,1,3,2,2,4,L_up-R_up,4.659,75.555,61.202,107.825
26.0,36.0,1,3,2,2,4,L_up-R_up,5.473,70.765,57.256,109.708
27.0,36.0,1,3,2,2,4,L_up-R_up,6.594,65.551,53.301,111.339
28.0,36.0,1,3,2,2,4,L_up-R_up,8.064,59.816,49.352,112.713
29.0,36.0,1,3,2,2,4,L_up-R_up,9.952,53.408,45.428,113.822
30.0,36.0,1,3,2,2,4,L_up-R_up,12.386,46.061,41.551,114.659
31.0,36.0,1,3,2,2,4,L_up-R_up,15.629,37.24,37.745,115.221
32.0,36.0,1,3,2,2,4,L_up-R_up,20.41,25.474,34.038,115.503
33.0,36.0,0,0,0,2,0,none,,,,
34.0,36.0,0,0,0,2,0,none,,,,
35.0,36.0,0,0,0,2,0,none,,,,
36.0,36.0,0,0,0,2,0,none,,,,
37.0,36.0,0,0,0,2,0,none,,,,
38.0,36.0,0,0,0,2,0,none,,,,
39.0,36.0,0,0,0,2,0,none,,,,
40.0,36.0,0,0,0,2,0,none,,,,
0.0,37.0,0,0,2,0,0,none,,,,
1.0,37.0,0,0,2,0,0,none,,,,
2.0,37.0,0,0,2,0,0,none,,,,
3.0,37.0,0,0,2,0,0,none,,,,
4.0,37.0,0,0,2,0,0,none,,,,
5.0,37.0,0,0,2,0,0,none,,,,
6.0,37.0,0,0,2,0,0,none,,,,
7.0,37.0,0,0,2,0,0,none,,,,
8.0,37.0,1,3,2,2,4,L_up-R_up,32.85,110.93,138.97,12.549
9.0,37.0,1,3,2,2,4,L_up-R_up,29.629,110.657,129.315,29.606
10.0,37.0,1,3,2,2,4,L_up-R_up,26.577,110.114,122.979,39.895
11.0,37.0,1,3,2,2,4,L_up-R_up,23.715,109.302,117.679,47.976
12.0,37.0,1,3,2,2,4,L_up-R_up,21.06,108.227,112.921,54.823
13.0,37.0,1,3,2,2,4,L_up-R_up,18.626,106.891,108.497,60.842
14.0,37.0,1,3,2,2,4,L_up-R_up,16.425,105.301,104.295,66.248
15.0,37.0,1,3,2,2,4,L_up-R_up,14.464,103.461,100.246,71.169
16.0,37.0,1,3,2,2,4,L_up-R_up,12.748,101.375,96.302,75.687
17.0,37.0,1,3,2,2,4,L_up-R_up,11.28,99.046,92.429,79.857
18.0,37.0,1,3,2,2,4,L_up-R_up,10.061,96.475,88.604,83.717
19.0,37.0,1,3,2,2,4,L_up-R_up,9.091,93.663,84.807,87.293
20.0,37.0,1,3,2,2,4,L_up-R_up,8.371,90.605,81.024,90.605
21.0,37.0,1,3,2,2,4,L_up-R_up,7.9,87.293,77.246,93.663
22.0,37.0,1,3,2,2,4,L_up-R_up,7.679,83.717,73.464,96.475
23.0,37.0,1,3,2,2,4,L_up-R_up,7.714,79.857,69.675,99.046
24.0,37.0,1,3,2,2,4,L_up-R_up,8.012,75.687,65.878,101.375
25.0,37.0,1,3,2,2,4,L_up-R_up,8.585,71.169,62.076,103.461
26.0,37.0,1,3,2,2,4,L_up-R_up,9.456,66.248,58.274,105.301
27.0,37.0,1,3,2,2,4,L_up-R_up,10.661,60.842,54.482,106.891
28.0,37.0,1,3,2,2,4,L_up-R_up,12.257,54.823,50.713,108.227
29.0,37.0,1,3,2,2,4,L_up-R_up,14.345,47.976,46.982,109.302
30.0,37.0,1,3,2,2,4,L_up-R_up,17.126,39.895,43.309,110.114
31.0,37.0,1,3,2,2,4,L_up-R_up,21.079,29.606,39.714,110.657
32.0,37.0,1,3,2,2,4,L_up-R_up,28.481,12.549,36.22,110.93
33.0,37.0,0,0,0,2,0,none,,,,
34.0,37.0,0,0,0,2,0,none,,,,
35.0,37.0,0,0,0,2,0,none,,,,
36.0,37.0,0,0,0,2,0,none,,,,
37.0,37.0,0,0,0,2,0,none,,,,
38.0,37.0,0,0,0,2,0,none,,,,
39.0,37.0,0,0,0,2,0,none,,,,
40.0,37.0,0,0,0,2,0,none,,,,
0.0,38.0,0,0,2,0,0,none,,,,
1.0,38.0,0,0,2,0,0,none,,,,
2.0,38.0,0,0,2,0,0,none,,,,
3.0,38.0,0,0,2,0,0,none,,,,
4.0,38.0,0,0,2,0,0,none,,,,
5.0,38.0,0,0,2,0,0,none,,,,
6.0,38.0,0,0,2,0,0,none,,,,
7.0,38.0,0,0,2,0,0,none,,,,
8.0,38.0,0,0,2,0,0,none,,,,
9.0,38.0,1,3,2,2,4,L_up-R_up,32.255,105.962,133.2,18.698
10.0,38.0,1,3,2,2,4,L_up-R_up,29.376,105.433,125.176,32.328
11.0,38.0,1,3,2,2,4,L_up-R_up,26.675,104.642,119.239,41.65
12.0,38.0,1,3,2,2,4,L_up-R_up,24.168,103.592,114.133,49.165
13.0,38.0,1,3,2,2,4,L_up-R_up,21.867,102.285,109.492,55.598
14.0,38.0,1,3,2,2,4,L_up-R_up,19.782,100.726,105.146,61.278
15.0,38.0,1,3,2,2,4,L_up-R_up,17.922,98.917,101.0,66.387
16.0,38.0,1,3,2,2,4,L_up-R_up,16.292,96.86,96.993,71.034
17.0,38.0,1,3,2,2,4,L_up-R_up,14.898,94.557,93.086,75.292
18.0,38.0,1,3,2,2,4,L_up-R_up,13.741,92.006,89.249,79.209
19.0,38.0,1,3,2,2,4,L_up-R_up,12.824,89.204,85.46,82.819
20.0,38.0,1,3,2,2,4,L_up-R_up,12.149,86.146,81.705,86.146
21.0,38.0,1,3,2,2,4,L_up-R_up,11.72,82.819,77.972,89.204
22.0,38.0,1,3,2,2,4,L_up-R_up,11.542,79.209,74.254,92.006
23.0,38.0,1,3,2,2,4,L_up-R_up,11.622,75.292,70.546,94.557
24.0,38.0,1,3,2,2,4,L_up-R_up,11.972,71.034,66.848,96.86
25.0,38.0,1,3,2,2,4,L_up-R_up,12.613,66.387,63.161,98.917
26.0,38.0,1,3,2,2,4,L_up-R_up,13.576,61.278,59.492,100.726
27.0,38.0,1,3,2,2,4,L_up-R_up,14.911,55.598,55.848,102.285
28.0,38.0,1,3,2,2,4,L_up-R_up,16.702,49.165,52.24,103.592
29.0,38.0,1,3,2,2,4,L_up-R_up,19.112,41.65,48.683,104.642
30.0,38.0,1,3,2,2,4,L_up-R_up,22.496,32.328,45.191,105.433
31.0,38.0,1,3,2,2,4,L_up-R_up,28.102,18.698,41.783,105.962
32.0,38.0,0,0,0,2,0,none,,,,
33.0,38.0,0,0,0,2,0,none,,,,
34.0,38.0,0,0,0,2,0,none,,,,
35.0,38.0,0,0,0,2,0,none,,,,
36.0,38.0,0,0,0,2,0,none,,,,
37.0,38.0,0,0,0,2,0,none,,,,
38.0,38.0,0,0,0,2,0,none,,,,
39.0,38.0,0,0,0,2,0,none,,,,
40.0,38.0,0,0,0,2,0,none,,,,
0.0,39.0,0,0,2,0,0,none,,,,
1.0,39.0,0,0,2,0,0,none,,,,
2.0,39.0,0,0,2,0,0,none,,,,
3.0,39.0,0,0,2,0,0,none,,,,
4.0,39.0,0,0,2,0,0,none,,,,
5.0,39.0,0,0,2,0,0,none,,,,
6.0,39.0,0,0,2,0,0,none,,,,
7.0,39.0,0,0,2,0,0,none,,,,
8.0,39.0,0,0,2,0,0,none,,,,
9.0,39.0,0,0,2,0,0,none,,,,
10.0,39.0,1,3,2,2,4,L_up-R_up,32.206,100.596,128.824,21.994
11.0,39.0,1,3,2,2,4,L_up-R_up,29.652,99.82,121.553,33.958
12.0,39.0,1,3,2,2,4,L_up-R_up,27.282,98.788,115.875,42.599
13.0,39.0,1,3,2,2,4,L_up-R_up,25.105,97.502,110.91,49.668
14.0,39.0,1,3,2,2,4,L_up-R_up,23.132,95.963,106.36,55.752
15.0,39.0,1,3,2,2,4,L_up-R_up,21.372,94.174,102.08,61.133
16.0,39.0,1,3,2,2,4,L_up-R_up,19.831,92.133,97.987,65.97
17.0,39.0,1,3,2,2,4,L_up-R_up,18.515,89.841,94.027,70.36
18.0,39.0,1,3,2,2,4,L_up-R_up,17.427,87.293,90.165,74.369
19.0,39.0,1,3,2,2,4,L_up-R_up,16.573,84.485,86.375,78.04
20.0,39.0,1,3,2,2,4,L_up-R_up,15.957,81.405,82.638,81.405
21.0,39.0,1,3,2,2,4,L_up-R_up,15.585,78.04,78.943,84.485
22.0,39.0,1,3,2,2,4,L_up-R_up,15.466,74.369,75.28,87.293
23.0,39.0,1,3,2,2,4,L_up-R_up,15.613,70.36,71.645,89.841
24.0,39.0,1,3,2,2,4,L_up-R_up,16.043,65.97,68.036,92.133
25.0,39.0,1,3,2,2,4,L_up-R_up,16.787,61.133,64.454,94.174
26.0,39.0,1,3,2,2,4,L_up-R_up,17.888,55.752,60.905,95.963
27.0,39.0,1,3,2,2,4,L_up-R_up,19.422,49.668,57.393,97.502
28.0,39.0,1,3,2,2,4,L_up-R_up,21.526,42.599,53.931,98.788
29.0,39.0,1,3,2,2,4,L_up-R_up,24.489,33.958,50.527,99.82
30.0,39.0,1,3,2,2,4,L_up-R_up,29.182,21.994,47.198,100.596
31.0,39.0,0,0,0,2,0,none,,,,
32.0,39.0,0,0,0,2,0,none,,,,
33.0,39.0,0,0,0,2,0,none,,,,
34.0,39.0,0,0,0,2,0,none,,,,
35.0,39.0,0,0,0,2,0,none,,,,
36.0,39.0,0,0,0,2,0,none,,,,
37.0,39.0,0,0,0,2,0,none,,,,
38.0,39.0,0,0,0,2,0,none,,,,
39.0,39.0,0,0,0,2,0,none,,,,
40.0,39.0,0,0,0,2,0,none,,,,
0.0,40.0,0,0,2,0,0,none,,,,
1.0,40.0,0,0,2,0,0,none,,,,
2.0,40.0,0,0,2,0,0,none,,,,
3.0,40.0,0,0,2,0,0,none,,,,
4.0,40.0,0,0,2,0,0,none,,,,
5.0,40.0,0,0,2,0,0,none,,,,
6.0,40.0,0,0,2,0,0,none,,,,
7.0,40.0,0,0,2,0,0,none,,,,
8.0,40.0,0,0,2,0,0,none,,,,
9.0,40.0,0,0,2,0,0,none,,,,
10.0,40.0,0,0,2,0,0,none,,,,
11.0,40.0,1,3,2,2,4,L_up-R_up,32.668,94.812,125.252,23.636
12.0,40.0,1,3,2,2,4,L_up-R_up,30.424,93.791,118.389,34.636
13.0,40.0,1,3,2,2,4,L_up-R_up,28.366,92.515,112.881,42.787
14.0,40.0,1,3,2,2,4,L_up-R_up,26.502,90.987,108.019,49.5
15.0,40.0,1,3,2,2,4,L_up-R_up,24.842,89.204,103.542,55.289
16.0,40.0,1,3,2,2,4,L_up-R_up,23.392,87.166,99.321,60.403
17.0,40.0,1,3,2,2,4,L_up-R_up,22.158,84.868,95.281,64.99
18.0,40.0,1,3,2,2,4,L_up-R_up,21.148,82.306,91.373,69.138
19.0,40.0,1,3,2,2,4,L_up-R_up,20.367,79.468,87.565,72.909
20.0,40.0,1,3,2,2,4,L_up-R_up,19.823,76.343,83.834,76.343
21.0,40.0,1,3,2,2,4,L_up-R_up,19.526,72.909,80.165,79.468
22.0,40.0,1,3,2,2,4,L_up-R_up,19.489,69.138,76.547,82.306
23.0,40.0,1,3,2,2,4,L_up-R_up,19.729,64.99,72.974,84.868
24.0,40.0,1,3,2,2,4,L_up-R_up,20.276,60.403,69.443,87.166
25.0,40.0,1,3,2,2,4,L_up-R_up,21.17,55.289,65.954,89.204
26.0,40.0,1,3,2,2,4,L_up-R_up,22.481,49.5,62.511,90.987
27.0,40.0,1,3,2,2,4,L_up-R_up,24.332,42.787,59.119,92.515
28.0,40.0,1,3,2,2,4,L_up-R_up,26.975,34.636,55.785,93.791
29.0,40.0,1,3,2,2,4,L_up-R_up,31.112,23.636,52.52,94.812
30.0,40.0,0,0,0,2,0,none,,,,
31.0,40.0,0,0,0,2,0,none,,,,
32.0,40.0,0,0,0,2,0,none,,,,
33.0,40.0,0,0,0,2,0,none,,,,
34.0,40.0,0,0,0,2,0,none,,,,
35.0,40.0,0,0,0,2,0,none,,,,
36.0,40.0,0,0,0,2,0,none,,,,
37.0,40.0,0,0,0,2,0,none,,,,
38.0,40.0,0,0,0,2,0,none,,,,
39.0,40.0,0,0,0,2,0,none,,,,
40.0,40.0,0,0,0,2,0,none,,,,
